date,home,away,home_goals,away_goals
2016-08-19,Malaga,Osasuna,1,1
2016-08-19,Deportivo,Eibar,2,1
2016-08-20,Barcelona,Betis,6,2
2016-08-20,Granada,Villarreal,1,1
2016-08-20,Sevilla,Espanol,6,4
2016-08-21,Sporting de Gijon,Atletico de Bilbao,2,1
2016-08-21,Atletico de Madrid,Alaves,1,1
2016-08-21,Real Sociedad,Real Madrid,0,3
2016-08-22,Celta,Leganes,0,1
2016-08-22,Valencia,Las Palmas,2,4
2016-08-26,Betis,Deportivo,0,0
2016-08-26,Espanol,Malaga,2,2
2016-08-27,Leganes,Atletico de Madrid,0,0
2016-08-27,Eibar,Valencia,1,0
2016-08-27,Osasuna,Real Sociedad,0,2
2016-08-27,Real Madrid,Celta,2,1
2016-08-28,Alaves,Sporting de Gijon,0,0
2016-08-28,Atletico de Bilbao,Barcelona,0,1
2016-08-28,Villarreal,Sevilla,0,0
2016-08-28,Las Palmas,Granada,5,1
2016-09-09,Real Sociedad,Espanol,1,1
2016-09-10,Celta,Atletico de Madrid,0,4
2016-09-10,Real Madrid,Osasuna,5,2
2016-09-10,Malaga,Villarreal,0,2
2016-09-10,Sevilla,Las Palmas,2,1
2016-09-10,Barcelona,Alaves,1,2
2016-09-11,Deportivo,Atletico de Bilbao,0,1
2016-09-11,Granada,Eibar,1,2
2016-09-11,Valencia,Betis,2,3
2016-09-11,Sporting de Gijon,Leganes,2,1
2016-09-16,Betis,Granada,2,2
2016-09-17,Atletico de Madrid,Sporting de Gijon,5,0
2016-09-17,Leganes,Barcelona,1,5
2016-09-17,Eibar,Sevilla,1,1
2016-09-17,Las Palmas,Malaga,1,0
2016-09-18,Osasuna,Celta,0,0
2016-09-18,Espanol,Real Madrid,0,2
2016-09-18,Atletico de Bilbao,Valencia,2,1
2016-09-18,Villarreal,Real Sociedad,2,1
2016-09-19,Alaves,Deportivo,0,0
2016-09-20,Malaga,Eibar,2,1
2016-09-20,Sevilla,Betis,1,0
2016-09-21,Real Sociedad,Las Palmas,4,1
2016-09-21,Celta,Sporting de Gijon,2,1
2016-09-21,Real Madrid,Villarreal,1,1
2016-09-21,Barcelona,Atletico de Madrid,1,1
2016-09-21,Granada,Atletico de Bilbao,1,2
2016-09-22,Osasuna,Espanol,1,2
2016-09-22,Deportivo,Leganes,1,2
2016-09-22,Valencia,Alaves,2,1
2016-09-23,Betis,Malaga,1,0
2016-09-24,Eibar,Real Sociedad,2,0
2016-09-24,Sporting de Gijon,Barcelona,0,5
2016-09-24,Las Palmas,Real Madrid,2,2
2016-09-24,Atletico de Bilbao,Sevilla,3,1
2016-09-25,Villarreal,Osasuna,3,1
2016-09-25,Atletico de Madrid,Deportivo,1,0
2016-09-25,Espanol,Celta,0,2
2016-09-25,Leganes,Valencia,1,2
2016-09-26,Alaves,Granada,3,1
2016-09-30,Real Sociedad,Betis,1,0
2016-10-01,Osasuna,Las Palmas,2,2
2016-10-01,Granada,Leganes,0,1
2016-10-01,Sevilla,Alaves,2,1
2016-10-01,Deportivo,Sporting de Gijon,2,1
2016-10-02,Espanol,Villarreal,0,0
2016-10-02,Malaga,Atletico de Bilbao,2,1
2016-10-02,Real Madrid,Eibar,1,1
2016-10-02,Celta,Barcelona,4,3
2016-10-02,Valencia,Atletico de Madrid,0,2
2016-10-14,Las Palmas,Espanol,0,0
2016-10-15,Barcelona,Deportivo,4,0
2016-10-15,Atletico de Madrid,Granada,7,1
2016-10-15,Betis,Real Madrid,1,6
2016-10-15,Leganes,Sevilla,2,3
2016-10-16,Villarreal,Celta,5,0
2016-10-16,Atletico de Bilbao,Real Sociedad,3,2
2016-10-16,Alaves,Malaga,1,1
2016-10-16,Sporting de Gijon,Valencia,1,2
2016-10-17,Eibar,Osasuna,2,3
2016-10-21,Osasuna,Betis,1,2
2016-10-22,Granada,Sporting de Gijon,0,0
2016-10-22,Espanol,Eibar,3,3
2016-10-22,Valencia,Barcelona,2,3
2016-10-22,Real Sociedad,Alaves,3,0
2016-10-23,Celta,Deportivo,4,1
2016-10-23,Villarreal,Las Palmas,2,1
2016-10-23,Sevilla,Atletico de Madrid,1,0
2016-10-23,Real Madrid,Atletico de Bilbao,2,1
2016-10-23,Malaga,Leganes,4,0
2016-10-28,Leganes,Real Sociedad,0,2
2016-10-29,Alaves,Real Madrid,1,4
2016-10-29,Sporting de Gijon,Sevilla,1,1
2016-10-29,Barcelona,Granada,1,0
2016-10-29,Atletico de Madrid,Malaga,4,2
2016-10-30,Betis,Espanol,0,1
2016-10-30,Eibar,Villarreal,2,1
2016-10-30,Atletico de Bilbao,Osasuna,1,1
2016-10-30,Las Palmas,Celta,3,3
2016-10-31,Deportivo,Valencia,1,1
2016-11-04,Malaga,Sporting de Gijon,3,2
2016-11-05,Granada,Deportivo,1,1
2016-11-05,Real Sociedad,Atletico de Madrid,2,0
2016-11-05,Osasuna,Alaves,0,1
2016-11-05,Las Palmas,Eibar,1,0
2016-11-06,Espanol,Atletico de Bilbao,0,0
2016-11-06,Real Madrid,Leganes,3,0
2016-11-06,Celta,Valencia,2,1
2016-11-06,Villarreal,Betis,2,0
2016-11-06,Sevilla,Barcelona,1,2
2016-11-18,Betis,Las Palmas,2,0
2016-11-19,Atletico de Madrid,Real Madrid,0,3
2016-11-19,Barcelona,Malaga,0,0
2016-11-19,Eibar,Celta,1,0
2016-11-19,Deportivo,Sevilla,2,3
2016-11-20,Valencia,Granada,1,1
2016-11-20,Sporting de Gijon,Real Sociedad,1,3
2016-11-20,Atletico de Bilbao,Villarreal,1,0
2016-11-20,Alaves,Espanol,0,1
2016-11-21,Leganes,Osasuna,2,0
2016-11-25,Eibar,Betis,3,1
2016-11-26,Malaga,Deportivo,4,3
2016-11-26,Real Madrid,Sporting de Gijon,2,1
2016-11-26,Espanol,Leganes,3,0
2016-11-26,Sevilla,Valencia,2,1
2016-11-27,Real Sociedad,Barcelona,1,1
2016-11-27,Osasuna,Atletico de Madrid,0,3
2016-11-27,Villarreal,Alaves,0,2
2016-11-27,Celta,Granada,3,1
2016-11-28,Las Palmas,Atletico de Bilbao,3,1
2016-12-03,Granada,Sevilla,2,1
2016-12-03,Barcelona,Real Madrid,1,1
2016-12-03,Leganes,Villarreal,0,0
2016-12-03,Atletico de Madrid,Espanol,0,0
2016-12-04,Betis,Celta,3,3
2016-12-04,Valencia,Malaga,2,2
2016-12-04,Sporting de Gijon,Osasuna,3,1
2016-12-04,Atletico de Bilbao,Eibar,3,1
2016-12-04,Alaves,Las Palmas,1,1
2016-12-05,Deportivo,Real Sociedad,5,1
2016-12-09,Malaga,Granada,1,1
2016-12-10,Osasuna,Barcelona,0,3
2016-12-10,Real Sociedad,Valencia,3,2
2016-12-10,Las Palmas,Leganes,1,1
2016-12-10,Real Madrid,Deportivo,3,2
2016-12-11,Betis,Atletico de Bilbao,1,0
2016-12-11,Espanol,Sporting de Gijon,2,1
2016-12-11,Eibar,Alaves,0,0
2016-12-11,Celta,Sevilla,0,3
2016-12-12,Villarreal,Atletico de Madrid,3,0
2016-12-16,Alaves,Betis,1,0
2016-12-17,Sevilla,Malaga,4,1
2016-12-17,Granada,Real Sociedad,0,2
2016-12-17,Atletico de Madrid,Las Palmas,1,0
2016-12-17,Sporting de Gijon,Villarreal,1,3
2016-12-18,Barcelona,Espanol,4,1
2016-12-18,Leganes,Eibar,1,1
2016-12-18,Deportivo,Osasuna,2,0
2016-12-19,Atletico de Bilbao,Celta,2,1
2017-01-06,Espanol,Deportivo,1,1
2017-01-07,Real Sociedad,Sevilla,0,4
2017-01-07,Las Palmas,Sporting de Gijon,1,0
2017-01-07,Eibar,Atletico de Madrid,0,2
2017-01-07,Real Madrid,Granada,5,0
2017-01-08,Atletico de Bilbao,Alaves,0,0
2017-01-08,Celta,Malaga,3,1
2017-01-08,Betis,Leganes,2,0
2017-01-08,Villarreal,Barcelona,1,1
2017-01-09,Osasuna,Valencia,3,3
2017-01-14,Deportivo,Villarreal,0,0
2017-01-14,Barcelona,Las Palmas,5,0
2017-01-14,Atletico de Madrid,Betis,1,0
2017-01-14,Leganes,Atletico de Bilbao,0,0
2017-01-15,Sevilla,Real Madrid,2,1
2017-01-15,Sporting de Gijon,Eibar,2,3
2017-01-15,Celta,Alaves,1,0
2017-01-15,Valencia,Espanol,2,1
2017-01-15,Granada,Osasuna,1,1
2017-01-16,Malaga,Real Sociedad,0,2
2017-01-20,Las Palmas,Deportivo,1,1
2017-01-21,Alaves,Leganes,2,2
2017-01-21,Villarreal,Valencia,0,2
2017-01-21,Real Madrid,Malaga,2,1
2017-01-21,Espanol,Granada,3,1
2017-01-22,Osasuna,Sevilla,3,4
2017-01-22,Atletico de Bilbao,Atletico de Madrid,2,2
2017-01-22,Real Sociedad,Celta,1,0
2017-01-22,Betis,Sporting de Gijon,0,0
2017-01-22,Eibar,Barcelona,0,4
2017-01-27,Osasuna,Malaga,1,1
2017-01-28,Eibar,Deportivo,3,1
2017-01-28,Villarreal,Granada,2,0
2017-01-28,Alaves,Atletico de Madrid,0,0
2017-01-28,Leganes,Celta,0,2
2017-01-29,Atletico de Bilbao,Sporting de Gijon,2,1
2017-01-29,Real Madrid,Real Sociedad,3,0
2017-01-29,Espanol,Sevilla,3,1
2017-01-29,Betis,Barcelona,1,1
2017-01-30,Las Palmas,Valencia,3,1
2017-02-04,Malaga,Espanol,0,1
2017-02-04,Valencia,Eibar,0,4
2017-02-04,Barcelona,Atletico de Bilbao,3,0
2017-02-04,Atletico de Madrid,Leganes,2,0
2017-02-05,Sevilla,Villarreal,0,0
2017-02-05,Real Sociedad,Osasuna,3,2
2017-02-05,Sporting de Gijon,Alaves,2,4
2017-02-06,Granada,Las Palmas,1,0
2017-02-10,Espanol,Real Sociedad,1,2
2017-02-11,Betis,Valencia,0,0
2017-02-11,Atletico de Bilbao,Deportivo,2,1
2017-02-11,Alaves,Barcelona,0,6
2017-02-11,Osasuna,Real Madrid,1,3
2017-02-12,Las Palmas,Sevilla,0,1
2017-02-12,Leganes,Sporting de Gijon,0,2
2017-02-12,Villarreal,Malaga,1,1
2017-02-12,Atletico de Madrid,Celta,3,2
2017-02-13,Eibar,Granada,4,0
2017-02-17,Granada,Betis,4,1
2017-02-18,Sporting de Gijon,Atletico de Madrid,1,4
2017-02-18,Deportivo,Alaves,0,1
2017-02-18,Sevilla,Eibar,2,0
2017-02-18,Real Madrid,Espanol,2,0
2017-02-19,Real Sociedad,Villarreal,0,1
2017-02-19,Valencia,Atletico de Bilbao,2,0
2017-02-19,Barcelona,Leganes,2,1
2017-02-19,Celta,Osasuna,3,0
2017-02-20,Malaga,Las Palmas,2,1
2017-02-22,Valencia,Real Madrid,2,1
2017-02-24,Las Palmas,Real Sociedad,0,1
2017-02-25,Leganes,Deportivo,4,0
2017-02-25,Betis,Sevilla,1,2
2017-02-25,Alaves,Valencia,2,1
2017-02-25,Eibar,Malaga,3,0
2017-02-26,Villarreal,Real Madrid,2,3
2017-02-26,Atletico de Bilbao,Granada,3,1
2017-02-26,Espanol,Osasuna,3,0
2017-02-26,Sporting de Gijon,Celta,1,1
2017-02-26,Atletico de Madrid,Barcelona,1,2
2017-02-28,Valencia,Leganes,1,0
2017-02-28,Malaga,Betis,1,2
2017-02-28,Real Sociedad,Eibar,2,2
2017-03-01,Granada,Alaves,2,1
2017-03-01,Barcelona,Sporting de Gijon,6,1
2017-03-01,Celta,Espanol,2,2
2017-03-01,Real Madrid,Las Palmas,3,3
2017-03-01,Osasuna,Villarreal,1,4
2017-03-02,Sevilla,Atletico de Bilbao,1,0
2017-03-02,Deportivo,Atletico de Madrid,1,1
2017-03-03,Betis,Real Sociedad,2,3
2017-03-04,Barcelona,Celta,5,0
2017-03-04,Villarreal,Espanol,2,0
2017-03-04,Eibar,Real Madrid,1,4
2017-03-04,Leganes,Granada,1,0
2017-03-05,Sporting de Gijon,Deportivo,0,1
2017-03-05,Atletico de Bilbao,Malaga,1,0
2017-03-05,Las Palmas,Osasuna,5,2
2017-03-05,Atletico de Madrid,Valencia,3,0
2017-03-06,Alaves,Sevilla,1,1
2017-03-08,Deportivo,Betis,1,1
2017-03-10,Espanol,Las Palmas,4,3
2017-03-11,Valencia,Sporting de Gijon,1,1
2017-03-11,Granada,Atletico de Madrid,0,1
2017-03-11,Malaga,Alaves,1,2
2017-03-11,Sevilla,Leganes,1,1
2017-03-12,Celta,Villarreal,0,1
2017-03-12,Deportivo,Barcelona,2,1
2017-03-12,Real Sociedad,Atletico de Bilbao,0,2
2017-03-12,Real Madrid,Betis,2,1
2017-03-13,Osasuna,Eibar,1,1
2017-03-17,Las Palmas,Villarreal,1,0
2017-03-18,Eibar,Espanol,1,1
2017-03-18,Betis,Osasuna,2,0
2017-03-18,Alaves,Real Sociedad,1,0
2017-03-18,Atletico de Bilbao,Real Madrid,1,2
2017-03-19,Atletico de Madrid,Sevilla,3,1
2017-03-19,Leganes,Malaga,0,0
2017-03-19,Deportivo,Celta,0,1
2017-03-19,Barcelona,Valencia,4,2
2017-03-19,Sporting de Gijon,Granada,3,1
2017-03-31,Espanol,Betis,2,1
2017-04-01,Villarreal,Eibar,2,3
2017-04-01,Osasuna,Atletico de Bilbao,1,2
2017-04-01,Real Sociedad,Leganes,1,1
2017-04-01,Malaga,Atletico de Madrid,0,2
2017-04-02,Real Madrid,Alaves,3,0
2017-04-02,Sevilla,Sporting de Gijon,0,0
2017-04-02,Granada,Barcelona,1,4
2017-04-02,Valencia,Deportivo,3,0
2017-04-03,Celta,Las Palmas,3,1
2017-04-04,Betis,Villarreal,0,1
2017-04-04,Atletico de Madrid,Real Sociedad,1,0
2017-04-04,Atletico de Bilbao,Espanol,2,0
2017-04-05,Barcelona,Sevilla,3,0
2017-04-05,Leganes,Real Madrid,2,4
2017-04-05,Deportivo,Granada,0,0
2017-04-05,Alaves,Osasuna,0,1
2017-04-05,Sporting de Gijon,Malaga,0,1
2017-04-06,Eibar,Las Palmas,3,1
2017-04-06,Valencia,Celta,3,2
2017-04-07,Villarreal,Atletico de Bilbao,3,1
2017-04-08,Real Madrid,Atletico de Madrid,1,1
2017-04-08,Espanol,Alaves,1,0
2017-04-08,Malaga,Barcelona,2,0
2017-04-08,Sevilla,Deportivo,4,2
2017-04-09,Las Palmas,Betis,4,1
2017-04-09,Granada,Valencia,1,3
2017-04-09,Celta,Eibar,0,2
2017-04-09,Osasuna,Leganes,2,1
2017-04-10,Real Sociedad,Sporting de Gijon,3,1
2017-04-14,Atletico de Bilbao,Las Palmas,5,1
2017-04-15,Deportivo,Malaga,2,0
2017-04-15,Atletico de Madrid,Osasuna,3,0
2017-04-15,Barcelona,Real Sociedad,3,2
2017-04-15,Sporting de Gijon,Real Madrid,2,3
2017-04-16,Leganes,Espanol,0,1
2017-04-16,Valencia,Sevilla,0,0
2017-04-16,Betis,Eibar,2,0
2017-04-16,Granada,Celta,0,3
2017-04-17,Alaves,Villarreal,2,1
2017-04-21,Sevilla,Granada,2,0
2017-04-22,Espanol,Atletico de Madrid,0,1
2017-04-22,Osasuna,Sporting de Gijon,2,2
2017-04-22,Malaga,Valencia,2,0
2017-04-22,Villarreal,Leganes,2,1
2017-04-23,Real Sociedad,Deportivo,1,0
2017-04-23,Real Madrid,Barcelona,2,3
2017-04-23,Las Palmas,Alaves,1,1
2017-04-23,Celta,Betis,0,1
2017-04-24,Eibar,Atletico de Bilbao,0,1
2017-04-25,Atletico de Madrid,Villarreal,0,1
2017-04-25,Granada,Malaga,0,2
2017-04-25,Sporting de Gijon,Espanol,1,1
2017-04-26,Barcelona,Osasuna,7,1
2017-04-26,Valencia,Real Sociedad,2,3
2017-04-26,Leganes,Las Palmas,3,0
2017-04-26,Deportivo,Real Madrid,2,6
2017-04-27,Sevilla,Celta,2,1
2017-04-27,Atletico de Bilbao,Betis,2,1
2017-04-27,Alaves,Eibar,0,0
2017-04-28,Villarreal,Sporting de Gijon,3,1
2017-04-29,Espanol,Barcelona,0,3
2017-04-29,Real Sociedad,Granada,2,1
2017-04-29,Real Madrid,Valencia,2,1
2017-04-29,Las Palmas,Atletico de Madrid,0,5
2017-04-30,Betis,Alaves,1,4
2017-04-30,Osasuna,Deportivo,2,2
2017-04-30,Eibar,Leganes,2,0
2017-04-30,Celta,Atletico de Bilbao,0,3
2017-05-01,Malaga,Sevilla,4,2
2017-05-05,Sevilla,Real Sociedad,1,1
2017-05-06,Atletico de Madrid,Eibar,1,0
2017-05-06,Barcelona,Villarreal,4,1
2017-05-06,Sporting de Gijon,Las Palmas,1,0
2017-05-06,Granada,Real Madrid,0,4
2017-05-07,Deportivo,Espanol,1,2
2017-05-07,Malaga,Celta,3,0
2017-05-07,Alaves,Atletico de Bilbao,1,0
2017-05-07,Valencia,Osasuna,4,1
2017-05-08,Leganes,Betis,4,0
2017-05-13,Osasuna,Granada,2,1
2017-05-13,Espanol,Valencia,0,1
2017-05-14,Villarreal,Deportivo,0,0
2017-05-14,Real Madrid,Sevilla,4,1
2017-05-14,Atletico de Bilbao,Leganes,1,1
2017-05-14,Las Palmas,Barcelona,1,4
2017-05-14,Betis,Atletico de Madrid,1,1
2017-05-14,Alaves,Celta,3,1
2017-05-14,Real Sociedad,Malaga,2,2
2017-05-14,Eibar,Sporting de Gijon,0,1
2017-05-17,Celta,Real Madrid,1,4
2017-05-19,Granada,Espanol,1,2
2017-05-20,Deportivo,Las Palmas,3,0
2017-05-20,Sporting de Gijon,Betis,2,2
2017-05-20,Leganes,Alaves,1,1
2017-05-20,Sevilla,Osasuna,5,0
2017-05-21,Barcelona,Eibar,4,2
2017-05-21,Atletico de Madrid,Atletico de Bilbao,3,1
2017-05-21,Celta,Real Sociedad,2,2
2017-05-21,Valencia,Villarreal,1,3
2017-05-21,Malaga,Real Madrid,0,2
2017-08-18,Leganes,Alaves,1,0
2017-08-18,Valencia,Las Palmas,1,0
2017-08-19,Sevilla,Espanol,1,1
2017-08-19,Girona,Atletico de Madrid,2,2
2017-08-19,Celta,Real Sociedad,2,3
2017-08-20,Deportivo,Real Madrid,0,3
2017-08-20,Atletico de Bilbao,Getafe,0,0
2017-08-20,Barcelona,Betis,2,0
2017-08-21,Malaga,Eibar,0,1
2017-08-21,Levante,Villarreal,1,0
2017-08-25,Betis,Celta,2,1
2017-08-25,Real Sociedad,Villarreal,3,0
2017-08-26,Alaves,Barcelona,0,2
2017-08-26,Levante,Deportivo,2,2
2017-08-26,Las Palmas,Atletico de Madrid,1,5
2017-08-26,Girona,Malaga,1,0
2017-08-27,Eibar,Atletico de Bilbao,0,1
2017-08-27,Getafe,Sevilla,0,1
2017-08-27,Espanol,Leganes,0,1
2017-08-27,Real Madrid,Valencia,2,2
2017-09-08,Leganes,Getafe,1,2
2017-09-09,Real Madrid,Levante,1,1
2017-09-09,Sevilla,Eibar,3,0
2017-09-09,Valencia,Atletico de Madrid,0,0
2017-09-09,Barcelona,Espanol,5,0
2017-09-10,Atletico de Bilbao,Girona,2,0
2017-09-10,Celta,Alaves,1,0
2017-09-10,Deportivo,Real Sociedad,2,4
2017-09-10,Villarreal,Betis,3,1
2017-09-11,Malaga,Las Palmas,1,3
2017-09-15,Eibar,Leganes,1,0
2017-09-16,Betis,Deportivo,2,1
2017-09-16,Getafe,Barcelona,1,2
2017-09-16,Levante,Valencia,1,1
2017-09-16,Atletico de Madrid,Malaga,1,0
2017-09-17,Girona,Sevilla,0,1
2017-09-17,Las Palmas,Atletico de Bilbao,1,0
2017-09-17,Real Sociedad,Real Madrid,1,3
2017-09-17,Alaves,Villarreal,0,3
2017-09-18,Espanol,Celta,2,1
2017-09-19,Valencia,Malaga,5,0
2017-09-19,Barcelona,Eibar,6,1
2017-09-20,Leganes,Girona,0,0
2017-09-20,Real Madrid,Betis,0,1
2017-09-20,Deportivo,Alaves,1,0
2017-09-20,Atletico de Bilbao,Atletico de Madrid,1,2
2017-09-20,Sevilla,Las Palmas,1,0
2017-09-21,Celta,Getafe,1,1
2017-09-21,Levante,Real Sociedad,3,0
2017-09-21,Villarreal,Espanol,0,0
2017-09-23,Atletico de Madrid,Sevilla,2,0
2017-09-23,Girona,Barcelona,0,3
2017-09-23,Alaves,Real Madrid,1,2
2017-09-23,Malaga,Atletico de Bilbao,3,3
2017-09-24,Eibar,Celta,0,4
2017-09-24,Las Palmas,Leganes,0,2
2017-09-24,Espanol,Deportivo,4,1
2017-09-24,Real Sociedad,Valencia,2,3
2017-09-24,Getafe,Villarreal,4,0
2017-09-25,Betis,Levante,4,0
2017-09-29,Celta,Girona,3,3
2017-09-30,Deportivo,Getafe,2,1
2017-09-30,Sevilla,Malaga,2,0
2017-09-30,Levante,Alaves,0,2
2017-09-30,Leganes,Atletico de Madrid,0,0
2017-10-01,Real Sociedad,Betis,4,4
2017-10-01,Barcelona,Las Palmas,3,0
2017-10-01,Valencia,Atletico de Bilbao,3,2
2017-10-01,Villarreal,Eibar,3,0
2017-10-01,Real Madrid,Espanol,2,0
2017-10-13,Espanol,Levante,0,0
2017-10-14,Alaves,Real Sociedad,0,2
2017-10-14,Getafe,Real Madrid,1,2
2017-10-14,Atletico de Bilbao,Sevilla,1,0
2017-10-14,Atletico de Madrid,Barcelona,1,1
2017-10-15,Malaga,Leganes,0,2
2017-10-15,Eibar,Deportivo,0,0
2017-10-15,Girona,Villarreal,1,2
2017-10-15,Betis,Valencia,3,6
2017-10-16,Las Palmas,Celta,2,5
2017-10-21,Betis,Alaves,2,0
2017-10-21,Valencia,Sevilla,4,0
2017-10-21,Barcelona,Malaga,2,0
2017-10-21,Levante,Getafe,1,1
2017-10-22,Leganes,Atletico de Bilbao,1,0
2017-10-22,Real Madrid,Eibar,3,0
2017-10-22,Villarreal,Las Palmas,4,0
2017-10-22,Celta,Atletico de Madrid,0,1
2017-10-23,Real Sociedad,Espanol,1,1
2017-10-23,Deportivo,Girona,1,2
2017-10-28,Sevilla,Leganes,2,1
2017-10-28,Atletico de Bilbao,Barcelona,0,2
2017-10-28,Atletico de Madrid,Villarreal,1,1
2017-10-28,Alaves,Valencia,1,2
2017-10-29,Getafe,Real Sociedad,2,1
2017-10-29,Eibar,Levante,2,2
2017-10-29,Malaga,Celta,2,1
2017-10-29,Girona,Real Madrid,2,1
2017-10-30,Espanol,Betis,1,0
2017-10-30,Las Palmas,Deportivo,1,3
2017-11-03,Betis,Getafe,2,2
2017-11-04,Valencia,Leganes,3,0
2017-11-04,Deportivo,Atletico de Madrid,0,1
2017-11-04,Barcelona,Sevilla,2,1
2017-11-04,Alaves,Espanol,1,0
2017-11-05,Celta,Atletico de Bilbao,3,1
2017-11-05,Real Sociedad,Eibar,3,1
2017-11-05,Villarreal,Malaga,2,0
2017-11-05,Levante,Girona,1,2
2017-11-05,Real Madrid,Las Palmas,3,0
2017-11-17,Girona,Real Sociedad,1,1
2017-11-18,Getafe,Alaves,4,1
2017-11-18,Atletico de Madrid,Real Madrid,0,0
2017-11-18,Sevilla,Celta,2,1
2017-11-18,Leganes,Barcelona,0,3
2017-11-19,Atletico de Bilbao,Villarreal,1,1
2017-11-19,Malaga,Deportivo,3,2
2017-11-19,Espanol,Valencia,0,2
2017-11-19,Las Palmas,Levante,0,2
2017-11-20,Eibar,Betis,5,0
2017-11-24,Celta,Leganes,1,0
2017-11-25,Levante,Atletico de Madrid,0,5
2017-11-25,Alaves,Eibar,1,2
2017-11-25,Betis,Girona,2,2
2017-11-25,Real Madrid,Malaga,3,2
2017-11-26,Real Sociedad,Las Palmas,2,2
2017-11-26,Deportivo,Atletico de Bilbao,2,2
2017-11-26,Villarreal,Sevilla,2,3
2017-11-26,Valencia,Barcelona,1,1
2017-11-27,Espanol,Getafe,1,0
2017-12-01,Malaga,Levante,0,0
2017-12-02,Barcelona,Celta,2,2
2017-12-02,Atletico de Madrid,Real Sociedad,2,1
2017-12-02,Sevilla,Deportivo,2,0
2017-12-02,Atletico de Bilbao,Real Madrid,0,0
2017-12-03,Las Palmas,Betis,1,0
2017-12-03,Getafe,Valencia,1,0
2017-12-03,Eibar,Espanol,3,1
2017-12-03,Leganes,Villarreal,3,1
2017-12-04,Girona,Alaves,2,3
2017-12-08,Alaves,Las Palmas,2,0
2017-12-09,Getafe,Eibar,0,0
2017-12-09,Real Madrid,Sevilla,5,0
2017-12-09,Valencia,Celta,2,1
2017-12-09,Deportivo,Leganes,1,0
2017-12-10,Real Sociedad,Malaga,0,2
2017-12-10,Villarreal,Barcelona,0,2
2017-12-10,Levante,Atletico de Bilbao,1,2
2017-12-10,Betis,Atletico de Madrid,0,1
2017-12-11,Espanol,Girona,0,1
2017-12-15,Sevilla,Levante,0,0
2017-12-16,Atletico de Madrid,Alaves,1,0
2017-12-16,Eibar,Valencia,2,1
2017-12-16,Atletico de Bilbao,Real Sociedad,0,0
2017-12-17,Girona,Getafe,1,0
2017-12-17,Barcelona,Deportivo,4,0
2017-12-17,Las Palmas,Espanol,2,2
2017-12-17,Celta,Villarreal,0,1
2017-12-18,Malaga,Betis,0,2
2017-12-19,Levante,Leganes,0,0
2017-12-20,Real Sociedad,Sevilla,3,1
2017-12-20,Getafe,Las Palmas,2,0
2017-12-21,Eibar,Girona,4,1
2017-12-21,Alaves,Malaga,1,0
2017-12-22,Espanol,Atletico de Madrid,1,0
2017-12-22,Betis,Atletico de Bilbao,0,2
2017-12-23,Real Madrid,Barcelona,0,3
2017-12-23,Valencia,Villarreal,0,1
2017-12-23,Deportivo,Celta,1,3
2018-01-06,Valencia,Girona,2,1
2018-01-06,Las Palmas,Eibar,1,2
2018-01-06,Sevilla,Betis,3,5
2018-01-06,Atletico de Madrid,Getafe,2,0
2018-01-07,Barcelona,Levante,3,0
2018-01-07,Villarreal,Deportivo,1,1
2018-01-07,Leganes,Real Sociedad,1,0
2018-01-07,Atletico de Bilbao,Alaves,2,0
2018-01-07,Celta,Real Madrid,2,2
2018-01-08,Malaga,Espanol,0,1
2018-01-12,Getafe,Malaga,1,0
2018-01-13,Girona,Las Palmas,6,0
2018-01-13,Deportivo,Valencia,1,2
2018-01-13,Real Madrid,Villarreal,0,1
2018-01-13,Eibar,Atletico de Madrid,0,1
2018-01-14,Levante,Celta,0,1
2018-01-14,Real Sociedad,Barcelona,2,4
2018-01-14,Espanol,Atletico de Bilbao,1,1
2018-01-14,Alaves,Sevilla,1,0
2018-01-15,Betis,Leganes,3,2
2018-01-19,Getafe,Atletico de Bilbao,2,2
2018-01-20,Atletico de Madrid,Girona,1,1
2018-01-20,Las Palmas,Valencia,2,1
2018-01-20,Villarreal,Levante,2,1
2018-01-20,Espanol,Sevilla,0,3
2018-01-21,Alaves,Leganes,2,2
2018-01-21,Real Sociedad,Celta,1,2
2018-01-21,Betis,Barcelona,0,5
2018-01-21,Real Madrid,Deportivo,7,1
2018-01-22,Eibar,Malaga,1,1
2018-01-26,Atletico de Bilbao,Eibar,1,1
2018-01-27,Deportivo,Levante,2,2
2018-01-27,Valencia,Real Madrid,1,4
2018-01-27,Villarreal,Real Sociedad,4,2
2018-01-27,Malaga,Girona,0,0
2018-01-28,Atletico de Madrid,Las Palmas,3,0
2018-01-28,Barcelona,Alaves,2,1
2018-01-28,Sevilla,Getafe,1,1
2018-01-28,Leganes,Espanol,3,2
2018-01-29,Celta,Betis,3,2
2018-02-02,Real Sociedad,Deportivo,5,0
2018-02-03,Eibar,Sevilla,5,1
2018-02-03,Betis,Villarreal,2,1
2018-02-03,Levante,Real Madrid,2,2
2018-02-03,Alaves,Celta,2,1
2018-02-04,Girona,Atletico de Bilbao,2,0
2018-02-04,Getafe,Leganes,0,0
2018-02-04,Atletico de Madrid,Valencia,1,0
2018-02-04,Espanol,Barcelona,1,1
2018-02-05,Las Palmas,Malaga,1,0
2018-02-09,Atletico de Bilbao,Las Palmas,0,0
2018-02-10,Leganes,Eibar,0,1
2018-02-10,Malaga,Atletico de Madrid,0,1
2018-02-10,Villarreal,Alaves,1,2
2018-02-10,Real Madrid,Real Sociedad,5,2
2018-02-11,Sevilla,Girona,1,0
2018-02-11,Barcelona,Getafe,0,0
2018-02-11,Celta,Espanol,2,2
2018-02-11,Valencia,Levante,3,1
2018-02-12,Deportivo,Betis,0,1
2018-02-16,Girona,Leganes,3,0
2018-02-17,Eibar,Barcelona,0,2
2018-02-17,Alaves,Deportivo,1,0
2018-02-17,Las Palmas,Sevilla,1,2
2018-02-17,Malaga,Valencia,1,2
2018-02-18,Real Sociedad,Levante,3,0
2018-02-18,Betis,Real Madrid,3,5
2018-02-18,Espanol,Villarreal,1,1
2018-02-18,Atletico de Madrid,Atletico de Bilbao,2,0
2018-02-19,Getafe,Celta,3,0
2018-02-21,Leganes,Real Madrid,1,3
2018-02-23,Deportivo,Espanol,0,0
2018-02-24,Real Madrid,Alaves,4,0
2018-02-24,Celta,Eibar,2,0
2018-02-24,Leganes,Las Palmas,0,0
2018-02-24,Barcelona,Girona,6,1
2018-02-25,Valencia,Real Sociedad,2,1
2018-02-25,Villarreal,Getafe,1,0
2018-02-25,Atletico de Bilbao,Malaga,2,1
2018-02-25,Sevilla,Atletico de Madrid,2,5
2018-02-26,Levante,Betis,0,2
2018-02-27,Espanol,Real Madrid,1,0
2018-02-27,Girona,Celta,1,0
2018-02-28,Atletico de Madrid,Leganes,4,0
2018-02-28,Eibar,Villarreal,1,0
2018-02-28,Malaga,Sevilla,0,1
2018-02-28,Getafe,Deportivo,3,0
2018-02-28,Atletico de Bilbao,Valencia,1,1
2018-03-01,Betis,Real Sociedad,0,0
2018-03-01,Las Palmas,Barcelona,1,1
2018-03-01,Alaves,Levante,1,0
2018-03-03,Deportivo,Eibar,1,1
2018-03-03,Villarreal,Girona,0,2
2018-03-03,Leganes,Malaga,2,0
2018-03-03,Sevilla,Atletico de Bilbao,2,0
2018-03-03,Real Madrid,Getafe,3,1
2018-03-04,Valencia,Betis,2,0
2018-03-04,Real Sociedad,Alaves,2,1
2018-03-04,Barcelona,Atletico de Madrid,1,0
2018-03-04,Levante,Espanol,1,1
2018-03-05,Celta,Las Palmas,2,1
2018-03-09,Girona,Deportivo,2,0
2018-03-10,Getafe,Levante,0,1
2018-03-10,Malaga,Barcelona,0,2
2018-03-10,Sevilla,Valencia,0,2
2018-03-10,Eibar,Real Madrid,1,2
2018-03-11,Atletico de Bilbao,Leganes,2,0
2018-03-11,Espanol,Real Sociedad,2,1
2018-03-11,Atletico de Madrid,Celta,3,0
2018-03-11,Las Palmas,Villarreal,0,2
2018-03-12,Alaves,Betis,1,3
2018-03-16,Levante,Eibar,2,1
2018-03-17,Betis,Espanol,3,0
2018-03-17,Valencia,Alaves,3,1
2018-03-17,Real Sociedad,Getafe,1,2
2018-03-17,Deportivo,Las Palmas,1,1
2018-03-18,Leganes,Sevilla,2,1
2018-03-18,Real Madrid,Girona,6,3
2018-03-18,Villarreal,Atletico de Madrid,2,1
2018-03-18,Celta,Malaga,0,0
2018-03-18,Barcelona,Atletico de Bilbao,2,0
2018-03-31,Sevilla,Barcelona,2,2
2018-03-31,Girona,Levante,1,1
2018-03-31,Atletico de Bilbao,Celta,1,1
2018-03-31,Las Palmas,Real Madrid,0,3
2018-04-01,Espanol,Alaves,0,0
2018-04-01,Eibar,Real Sociedad,0,0
2018-04-01,Malaga,Villarreal,1,0
2018-04-01,Leganes,Valencia,0,1
2018-04-01,Atletico de Madrid,Deportivo,1,0
2018-04-02,Getafe,Betis,0,1
2018-04-06,Deportivo,Malaga,3,2
2018-04-07,Alaves,Getafe,2,0
2018-04-07,Barcelona,Leganes,3,1
2018-04-07,Celta,Sevilla,4,0
2018-04-07,Betis,Eibar,2,0
2018-04-08,Levante,Las Palmas,2,1
2018-04-08,Valencia,Espanol,1,0
2018-04-08,Real Sociedad,Girona,5,0
2018-04-08,Real Madrid,Atletico de Madrid,1,1
2018-04-09,Villarreal,Atletico de Bilbao,1,3
2018-04-13,Girona,Betis,0,1
2018-04-14,Las Palmas,Real Sociedad,0,1
2018-04-14,Atletico de Bilbao,Deportivo,2,3
2018-04-14,Sevilla,Villarreal,2,2
2018-04-14,Barcelona,Valencia,2,1
2018-04-14,Leganes,Celta,1,0
2018-04-15,Getafe,Espanol,1,0
2018-04-15,Eibar,Alaves,0,1
2018-04-15,Malaga,Real Madrid,1,2
2018-04-15,Atletico de Madrid,Levante,3,0
2018-04-17,Villarreal,Leganes,2,1
2018-04-17,Celta,Barcelona,2,2
2018-04-17,Deportivo,Sevilla,0,0
2018-04-18,Real Madrid,Atletico de Bilbao,1,1
2018-04-18,Espanol,Eibar,0,1
2018-04-18,Valencia,Getafe,1,2
2018-04-19,Levante,Malaga,1,0
2018-04-19,Real Sociedad,Atletico de Madrid,3,0
2018-04-19,Alaves,Girona,1,2
2018-04-19,Betis,Las Palmas,1,0
2018-04-20,Leganes,Deportivo,0,0
2018-04-21,Celta,Valencia,1,1
2018-04-21,Eibar,Getafe,0,1
2018-04-22,Las Palmas,Alaves,0,4
2018-04-22,Atletico de Madrid,Betis,0,0
2018-04-22,Girona,Espanol,0,2
2018-04-22,Malaga,Real Sociedad,2,0
2018-04-23,Atletico de Bilbao,Levante,1,3
2018-04-27,Levante,Sevilla,2,1
2018-04-28,Real Madrid,Leganes,2,1
2018-04-28,Real Sociedad,Atletico de Bilbao,3,1
2018-04-28,Villarreal,Celta,4,1
2018-04-28,Espanol,Las Palmas,1,1
2018-04-29,Deportivo,Barcelona,2,4
2018-04-29,Getafe,Girona,1,1
2018-04-29,Valencia,Eibar,0,0
2018-04-29,Alaves,Atletico de Madrid,0,1
2018-04-30,Betis,Malaga,2,1
2018-05-04,Sevilla,Real Sociedad,1,0
2018-05-05,Villarreal,Valencia,1,0
2018-05-05,Girona,Eibar,1,4
2018-05-05,Atletico de Bilbao,Betis,2,0
2018-05-05,Celta,Deportivo,1,1
2018-05-06,Las Palmas,Getafe,0,1
2018-05-06,Malaga,Alaves,0,3
2018-05-06,Atletico de Madrid,Espanol,0,2
2018-05-06,Barcelona,Real Madrid,2,2
2018-05-07,Leganes,Levante,0,3
2018-05-09,Barcelona,Villarreal,5,1
2018-05-09,Sevilla,Real Madrid,3,2
2018-05-12,Girona,Valencia,0,1
2018-05-12,Alaves,Atletico de Bilbao,3,1
2018-05-12,Deportivo,Villarreal,2,4
2018-05-12,Betis,Sevilla,2,2
2018-05-12,Getafe,Atletico de Madrid,0,1
2018-05-12,Real Sociedad,Leganes,3,2
2018-05-12,Eibar,Las Palmas,1,0
2018-05-12,Real Madrid,Celta,6,0
2018-05-13,Espanol,Malaga,4,1
2018-05-13,Levante,Barcelona,5,4
2018-05-19,Villarreal,Real Madrid,2,2
2018-05-19,Leganes,Betis,3,2
2018-05-19,Las Palmas,Girona,1,2
2018-05-19,Malaga,Getafe,0,1
2018-05-19,Sevilla,Alaves,1,0
2018-05-19,Celta,Levante,4,2
2018-05-20,Barcelona,Real Sociedad,1,0
2018-05-20,Valencia,Deportivo,2,1
2018-05-20,Atletico de Madrid,Eibar,2,2
2018-05-20,Atletico de Bilbao,Espanol,0,1
2018-08-17,Girona,Valladolid,0,0
2018-08-17,Betis,Levante,0,3
2018-08-18,Barcelona,Alaves,3,0
2018-08-18,Celta,Espanol,1,1
2018-08-18,Villarreal,Real Sociedad,1,2
2018-08-19,Real Madrid,Getafe,2,0
2018-08-19,Rayo Vallecano,Sevilla,1,4
2018-08-19,Eibar,Huesca,1,2
2018-08-20,Valencia,Atletico de Madrid,1,1
2018-08-20,Atletico de Bilbao,Leganes,2,1
2018-08-24,Getafe,Eibar,2,0
2018-08-24,Leganes,Real Sociedad,2,2
2018-08-25,Atletico de Madrid,Rayo Vallecano,1,0
2018-08-25,Alaves,Betis,0,0
2018-08-25,Valladolid,Barcelona,0,1
2018-08-26,Espanol,Valencia,2,0
2018-08-26,Girona,Real Madrid,1,4
2018-08-26,Sevilla,Villarreal,0,0
2018-08-27,Levante,Celta,1,2
2018-08-27,Atletico de Bilbao,Huesca,2,2
2018-08-31,Getafe,Valladolid,0,0
2018-08-31,Eibar,Real Sociedad,2,1
2018-08-31,Villarreal,Girona,0,1
2018-09-01,Real Madrid,Leganes,4,1
2018-09-01,Celta,Atletico de Madrid,2,0
2018-09-02,Betis,Sevilla,1,0
2018-09-02,Alaves,Espanol,2,1
2018-09-02,Barcelona,Huesca,8,2
2018-09-02,Levante,Valencia,2,2
2018-09-14,Huesca,Rayo Vallecano,0,1
2018-09-15,Real Sociedad,Barcelona,1,2
2018-09-15,Atletico de Bilbao,Real Madrid,1,1
2018-09-15,Valencia,Betis,0,0
2018-09-15,Atletico de Madrid,Eibar,1,1
2018-09-16,Espanol,Levante,1,0
2018-09-16,Valladolid,Alaves,0,1
2018-09-16,Sevilla,Getafe,0,2
2018-09-16,Leganes,Villarreal,0,1
2018-09-17,Girona,Celta,3,2
2018-09-21,Huesca,Real Sociedad,0,1
2018-09-22,Celta,Valladolid,3,3
2018-09-22,Eibar,Leganes,1,0
2018-09-22,Rayo Vallecano,Alaves,1,5
2018-09-22,Getafe,Atletico de Madrid,0,2
2018-09-22,Real Madrid,Espanol,1,0
2018-09-23,Betis,Atletico de Bilbao,2,2
2018-09-23,Levante,Sevilla,2,6
2018-09-23,Barcelona,Girona,2,2
2018-09-23,Villarreal,Valencia,0,0
2018-09-25,Atletico de Madrid,Huesca,3,0
2018-09-25,Espanol,Eibar,1,0
2018-09-25,Real Sociedad,Rayo Vallecano,2,2
2018-09-26,Sevilla,Real Madrid,3,0
2018-09-26,Valencia,Celta,1,1
2018-09-26,Leganes,Barcelona,2,1
2018-09-26,Atletico de Bilbao,Villarreal,0,3
2018-09-27,Alaves,Getafe,1,1
2018-09-27,Valladolid,Levante,2,1
2018-09-27,Girona,Betis,0,1
2018-09-28,Rayo Vallecano,Espanol,2,2
2018-09-29,Real Sociedad,Valencia,0,1
2018-09-29,Barcelona,Atletico de Bilbao,1,1
2018-09-29,Eibar,Sevilla,1,3
2018-09-29,Real Madrid,Atletico de Madrid,0,0
2018-09-30,Betis,Leganes,1,0
2018-09-30,Levante,Alaves,2,1
2018-09-30,Villarreal,Valladolid,0,1
2018-09-30,Huesca,Girona,1,1
2018-10-01,Celta,Getafe,1,1
2018-10-05,Atletico de Bilbao,Real Sociedad,1,3
2018-10-06,Girona,Eibar,2,3
2018-10-06,Getafe,Levante,0,1
2018-10-06,Leganes,Rayo Vallecano,1,0
2018-10-06,Alaves,Real Madrid,1,0
2018-10-07,Valladolid,Huesca,1,0
2018-10-07,Espanol,Villarreal,3,1
2018-10-07,Sevilla,Celta,2,1
2018-10-07,Valencia,Barcelona,1,1
2018-10-07,Atletico de Madrid,Betis,1,0
2018-10-19,Celta,Alaves,0,1
2018-10-20,Valencia,Leganes,1,1
2018-10-20,Villarreal,Atletico de Madrid,1,1
2018-10-20,Barcelona,Sevilla,4,2
2018-10-20,Real Madrid,Levante,1,2
2018-10-21,Rayo Vallecano,Getafe,1,2
2018-10-21,Betis,Valladolid,0,1
2018-10-21,Eibar,Atletico de Bilbao,1,1
2018-10-21,Huesca,Espanol,0,2
2018-10-22,Real Sociedad,Girona,0,0
2018-10-24,Rayo Vallecano,Atletico de Bilbao,1,1
2018-10-26,Valladolid,Espanol,1,1
2018-10-27,Atletico de Bilbao,Valencia,0,0
2018-10-27,Girona,Rayo Vallecano,2,1
2018-10-27,Atletico de Madrid,Real Sociedad,2,0
2018-10-27,Celta,Eibar,4,0
2018-10-27,Levante,Leganes,2,0
2018-10-28,Sevilla,Huesca,2,1
2018-10-28,Getafe,Betis,2,0
2018-10-28,Alaves,Villarreal,2,1
2018-10-28,Barcelona,Real Madrid,5,1
2018-11-03,Real Madrid,Valladolid,2,0
2018-11-03,Rayo Vallecano,Barcelona,2,3
2018-11-03,Leganes,Atletico de Madrid,1,1
2018-11-03,Valencia,Girona,0,1
2018-11-04,Huesca,Getafe,1,1
2018-11-04,Villarreal,Levante,1,1
2018-11-04,Betis,Celta,3,3
2018-11-04,Real Sociedad,Sevilla,0,0
2018-11-04,Eibar,Alaves,2,1
2018-11-05,Espanol,Atletico de Bilbao,1,0
2018-11-09,Levante,Real Sociedad,1,3
2018-11-10,Getafe,Valencia,0,1
2018-11-10,Valladolid,Eibar,0,0
2018-11-10,Atletico de Madrid,Atletico de Bilbao,3,2
2018-11-10,Girona,Leganes,0,0
2018-11-11,Barcelona,Betis,3,4
2018-11-11,Celta,Real Madrid,2,4
2018-11-11,Rayo Vallecano,Villarreal,2,2
2018-11-11,Sevilla,Espanol,2,1
2018-11-11,Alaves,Huesca,2,1
2018-11-23,Leganes,Alaves,1,0
2018-11-24,Valencia,Rayo Vallecano,3,0
2018-11-24,Huesca,Levante,2,2
2018-11-24,Eibar,Real Madrid,3,0
2018-11-24,Atletico de Madrid,Barcelona,1,1
2018-11-25,Sevilla,Valladolid,1,0
2018-11-25,Espanol,Girona,1,3
2018-11-25,Atletico de Bilbao,Getafe,1,1
2018-11-25,Villarreal,Betis,2,1
2018-11-26,Real Sociedad,Celta,2,1
2018-11-30,Rayo Vallecano,Eibar,1,0
2018-12-01,Celta,Huesca,2,0
2018-12-01,Getafe,Espanol,3,0
2018-12-01,Valladolid,Leganes,2,4
2018-12-01,Real Madrid,Valencia,2,0
2018-12-02,Betis,Real Sociedad,1,0
2018-12-02,Alaves,Sevilla,1,1
2018-12-02,Barcelona,Villarreal,2,0
2018-12-02,Girona,Atletico de Madrid,1,1
2018-12-03,Levante,Atletico de Bilbao,3,0
2018-12-07,Leganes,Getafe,1,1
2018-12-08,Atletico de Madrid,Alaves,3,0
2018-12-08,Villarreal,Celta,2,3
2018-12-08,Espanol,Barcelona,0,4
2018-12-08,Valencia,Sevilla,1,1
2018-12-09,Real Sociedad,Valladolid,1,2
2018-12-09,Eibar,Levante,4,4
2018-12-09,Betis,Rayo Vallecano,2,0
2018-12-09,Huesca,Real Madrid,0,1
2018-12-10,Atletico de Bilbao,Girona,1,0
2018-12-14,Celta,Leganes,0,0
2018-12-15,Eibar,Valencia,1,1
2018-12-15,Getafe,Real Sociedad,1,0
2018-12-15,Valladolid,Atletico de Madrid,2,3
2018-12-15,Real Madrid,Rayo Vallecano,1,0
2018-12-16,Levante,Barcelona,0,5
2018-12-16,Espanol,Betis,1,3
2018-12-16,Sevilla,Girona,2,0
2018-12-16,Huesca,Villarreal,2,2
2018-12-17,Alaves,Atletico de Bilbao,0,0
2018-12-21,Real Sociedad,Alaves,0,1
2018-12-21,Girona,Getafe,1,1
2018-12-22,Atletico de Bilbao,Valladolid,1,1
2018-12-22,Barcelona,Celta,2,0
2018-12-22,Atletico de Madrid,Espanol,1,0
2018-12-22,Betis,Eibar,1,1
2018-12-23,Leganes,Sevilla,1,1
2018-12-23,Valencia,Huesca,2,1
2018-12-23,Rayo Vallecano,Levante,2,1
2019-01-03,Villarreal,Real Madrid,2,2
2019-01-04,Levante,Girona,2,2
2019-01-04,Espanol,Leganes,1,0
2019-01-05,Huesca,Betis,2,1
2019-01-05,Valladolid,Rayo Vallecano,0,1
2019-01-05,Alaves,Valencia,2,1
2019-01-06,Sevilla,Atletico de Madrid,1,1
2019-01-06,Getafe,Barcelona,1,2
2019-01-06,Real Madrid,Real Sociedad,0,2
2019-01-06,Eibar,Villarreal,0,0
2019-01-07,Celta,Atletico de Bilbao,1,2
2019-01-11,Rayo Vallecano,Celta,4,2
2019-01-12,Leganes,Huesca,1,0
2019-01-12,Valencia,Valladolid,1,1
2019-01-12,Villarreal,Getafe,1,2
2019-01-12,Girona,Alaves,1,1
2019-01-13,Atletico de Madrid,Levante,1,0
2019-01-13,Barcelona,Eibar,3,0
2019-01-13,Atletico de Bilbao,Sevilla,2,0
2019-01-13,Betis,Real Madrid,1,2
2019-01-14,Real Sociedad,Espanol,3,2
2019-01-18,Getafe,Alaves,4,0
2019-01-19,Real Madrid,Sevilla,2,0
2019-01-19,Celta,Valencia,1,2
2019-01-19,Huesca,Atletico de Madrid,0,3
2019-01-20,Villarreal,Atletico de Bilbao,1,1
2019-01-20,Levante,Valladolid,2,0
2019-01-20,Betis,Girona,3,2
2019-01-20,Rayo Vallecano,Real Sociedad,2,2
2019-01-20,Barcelona,Leganes,3,1
2019-01-21,Eibar,Espanol,3,0
2019-01-26,Atletico de Madrid,Getafe,2,0
2019-01-26,Sevilla,Levante,5,0
2019-01-26,Valencia,Villarreal,3,0
2019-01-26,Leganes,Eibar,2,2
2019-01-27,Atletico de Bilbao,Betis,1,0
2019-01-27,Girona,Barcelona,0,2
2019-01-27,Espanol,Real Madrid,2,4
2019-01-27,Real Sociedad,Huesca,0,0
2019-01-27,Valladolid,Celta,2,1
2019-01-28,Alaves,Rayo Vallecano,0,1
2019-02-01,Huesca,Valladolid,4,0
2019-02-02,Celta,Sevilla,1,0
2019-02-02,Real Sociedad,Atletico de Bilbao,2,1
2019-02-02,Barcelona,Valencia,2,2
2019-02-02,Levante,Getafe,0,0
2019-02-03,Eibar,Girona,3,0
2019-02-03,Real Madrid,Alaves,3,0
2019-02-03,Villarreal,Espanol,2,2
2019-02-03,Betis,Atletico de Madrid,1,0
2019-02-04,Rayo Vallecano,Leganes,1,2
2019-02-08,Valladolid,Villarreal,0,0
2019-02-09,Girona,Huesca,0,2
2019-02-09,Getafe,Celta,3,1
2019-02-09,Atletico de Madrid,Real Madrid,1,3
2019-02-09,Espanol,Rayo Vallecano,2,1
2019-02-10,Atletico de Bilbao,Barcelona,0,0
2019-02-10,Sevilla,Eibar,2,2
2019-02-10,Leganes,Betis,3,0
2019-02-10,Valencia,Real Sociedad,0,0
2019-02-11,Alaves,Levante,2,0
2019-02-15,Eibar,Getafe,2,2
2019-02-16,Rayo Vallecano,Atletico de Madrid,0,1
2019-02-16,Real Sociedad,Leganes,3,0
2019-02-16,Barcelona,Valladolid,1,0
2019-02-16,Celta,Levante,1,4
2019-02-17,Betis,Alaves,1,1
2019-02-17,Valencia,Espanol,0,0
2019-02-17,Villarreal,Sevilla,3,0
2019-02-17,Real Madrid,Girona,1,2
2019-02-18,Huesca,Atletico de Bilbao,0,1
2019-02-22,Espanol,Huesca,1,1
2019-02-23,Alaves,Celta,0,0
2019-02-23,Getafe,Rayo Vallecano,2,1
2019-02-23,Sevilla,Barcelona,2,4
2019-02-23,Atletico de Bilbao,Eibar,1,0
2019-02-24,Leganes,Valencia,1,1
2019-02-24,Atletico de Madrid,Villarreal,2,0
2019-02-24,Levante,Real Madrid,1,2
2019-02-24,Valladolid,Betis,0,2
2019-02-25,Girona,Real Sociedad,0,0
2019-03-01,Rayo Vallecano,Girona,0,2
2019-03-02,Huesca,Sevilla,2,1
2019-03-02,Espanol,Valladolid,3,1
2019-03-02,Real Madrid,Barcelona,0,1
2019-03-02,Villarreal,Alaves,1,2
2019-03-03,Betis,Getafe,1,2
2019-03-03,Valencia,Atletico de Bilbao,2,0
2019-03-03,Real Sociedad,Atletico de Madrid,0,2
2019-03-03,Eibar,Celta,1,0
2019-03-04,Leganes,Levante,1,0
2019-03-08,Atletico de Bilbao,Espanol,1,1
2019-03-09,Alaves,Eibar,1,1
2019-03-09,Atletico de Madrid,Leganes,1,0
2019-03-09,Barcelona,Rayo Vallecano,3,1
2019-03-09,Getafe,Huesca,2,1
2019-03-10,Levante,Villarreal,0,2
2019-03-10,Celta,Betis,0,1
2019-03-10,Valladolid,Real Madrid,1,4
2019-03-10,Sevilla,Real Sociedad,5,2
2019-03-10,Girona,Valencia,2,3
2019-03-15,Real Sociedad,Levante,1,1
2019-03-16,Huesca,Alaves,1,3
2019-03-16,Real Madrid,Celta,2,0
2019-03-16,Atletico de Bilbao,Atletico de Madrid,2,0
2019-03-16,Leganes,Girona,0,2
2019-03-17,Valencia,Getafe,0,0
2019-03-17,Betis,Barcelona,1,4
2019-03-17,Espanol,Sevilla,0,1
2019-03-17,Eibar,Valladolid,1,2
2019-03-17,Villarreal,Rayo Vallecano,3,1
2019-03-29,Girona,Atletico de Bilbao,1,2
2019-03-30,Getafe,Leganes,0,2
2019-03-30,Barcelona,Espanol,2,0
2019-03-30,Alaves,Atletico de Madrid,0,4
2019-03-30,Celta,Villarreal,3,2
2019-03-31,Sevilla,Valencia,0,1
2019-03-31,Valladolid,Real Sociedad,1,1
2019-03-31,Rayo Vallecano,Betis,1,1
2019-03-31,Real Madrid,Huesca,3,2
2019-03-31,Levante,Eibar,2,2
2019-04-02,Atletico de Madrid,Girona,2,0
2019-04-02,Espanol,Getafe,1,1
2019-04-02,Villarreal,Barcelona,4,4
2019-04-03,Valencia,Real Madrid,2,1
2019-04-03,Eibar,Rayo Vallecano,2,1
2019-04-03,Huesca,Celta,3,3
2019-04-03,Atletico de Bilbao,Levante,3,2
2019-04-04,Leganes,Valladolid,1,0
2019-04-04,Sevilla,Alaves,2,0
2019-04-04,Real Sociedad,Betis,2,1
2019-04-06,Rayo Vallecano,Valencia,2,0
2019-04-06,Real Madrid,Eibar,2,1
2019-04-06,Girona,Espanol,1,2
2019-04-06,Barcelona,Atletico de Madrid,2,0
2019-04-07,Celta,Real Sociedad,3,1
2019-04-07,Alaves,Leganes,1,1
2019-04-07,Betis,Villarreal,2,1
2019-04-07,Levante,Huesca,2,2
2019-04-07,Getafe,Atletico de Bilbao,1,0
2019-04-07,Valladolid,Sevilla,0,2
2019-04-13,Sevilla,Betis,3,2
2019-04-13,Huesca,Barcelona,0,0
2019-04-13,Atletico de Madrid,Celta,2,0
2019-04-13,Espanol,Alaves,2,1
2019-04-14,Valladolid,Getafe,2,2
2019-04-14,Atletico de Bilbao,Rayo Vallecano,3,2
2019-04-14,Girona,Villarreal,0,1
2019-04-14,Real Sociedad,Eibar,1,1
2019-04-14,Valencia,Levante,3,1
2019-04-15,Leganes,Real Madrid,1,1
2019-04-19,Alaves,Valladolid,2,2
2019-04-20,Eibar,Atletico de Madrid,0,1
2019-04-20,Celta,Girona,2,1
2019-04-20,Rayo Vallecano,Huesca,0,0
2019-04-20,Barcelona,Real Sociedad,2,1
2019-04-21,Betis,Valencia,1,2
2019-04-21,Real Madrid,Atletico de Bilbao,3,0
2019-04-21,Levante,Espanol,2,2
2019-04-21,Villarreal,Leganes,2,1
2019-04-21,Getafe,Sevilla,3,0
2019-04-23,Valladolid,Girona,1,0
2019-04-23,Huesca,Eibar,2,0
2019-04-23,Alaves,Barcelona,0,2
2019-04-24,Levante,Betis,4,0
2019-04-24,Leganes,Atletico de Bilbao,0,1
2019-04-24,Atletico de Madrid,Valencia,3,2
2019-04-24,Espanol,Celta,1,1
2019-04-25,Sevilla,Rayo Vallecano,5,0
2019-04-25,Real Sociedad,Villarreal,0,1
2019-04-25,Getafe,Real Madrid,0,0
2019-04-27,Atletico de Madrid,Valladolid,1,0
2019-04-27,Barcelona,Levante,1,0
2019-04-27,Atletico de Bilbao,Alaves,1,1
2019-04-27,Leganes,Celta,0,0
2019-04-28,Valencia,Eibar,0,1
2019-04-28,Girona,Sevilla,1,0
2019-04-28,Rayo Vallecano,Real Madrid,1,0
2019-04-28,Real Sociedad,Getafe,2,1
2019-04-28,Villarreal,Huesca,1,1
2019-04-29,Betis,Espanol,1,1
2019-05-03,Sevilla,Leganes,0,3
2019-05-04,Levante,Rayo Vallecano,4,1
2019-05-04,Celta,Barcelona,2,0
2019-05-04,Espanol,Atletico de Madrid,3,0
2019-05-04,Alaves,Real Sociedad,0,1
2019-05-05,Real Madrid,Villarreal,3,2
2019-05-05,Getafe,Girona,2,0
2019-05-05,Huesca,Valencia,2,6
2019-05-05,Valladolid,Atletico de Bilbao,1,0
2019-05-05,Eibar,Betis,1,0
2019-05-12,Atletico de Bilbao,Celta,3,1
2019-05-12,Atletico de Madrid,Sevilla,1,1
2019-05-12,Rayo Vallecano,Valladolid,1,2
2019-05-12,Real Sociedad,Real Madrid,3,1
2019-05-12,Leganes,Espanol,0,2
2019-05-12,Villarreal,Eibar,1,0
2019-05-12,Valencia,Alaves,3,1
2019-05-12,Barcelona,Getafe,2,0
2019-05-12,Girona,Levante,1,2
2019-05-12,Betis,Huesca,2,1
2019-05-18,Valladolid,Valencia,0,2
2019-05-18,Levante,Atletico de Madrid,2,2
2019-05-18,Sevilla,Atletico de Bilbao,2,0
2019-05-18,Alaves,Girona,2,1
2019-05-18,Getafe,Villarreal,2,2
2019-05-18,Espanol,Real Sociedad,2,0
2019-05-18,Celta,Rayo Vallecano,2,2
2019-05-18,Huesca,Leganes,2,1
2019-05-19,Real Madrid,Betis,0,2
2019-05-19,Eibar,Barcelona,2,2
2019-08-16,Atletico de Bilbao,Barcelona,1,0
2019-08-17,Celta,Real Madrid,1,3
2019-08-17,Valencia,Real Sociedad,1,1
2019-08-17,Leganes,Osasuna,0,1
2019-08-17,Villarreal,Granada,4,4
2019-08-17,Mallorca,Eibar,2,1
2019-08-18,Atletico de Madrid,Getafe,1,0
2019-08-18,Espanol,Sevilla,0,2
2019-08-18,Alaves,Levante,1,0
2019-08-18,Betis,Valladolid,1,2
2019-08-23,Granada,Sevilla,0,1
2019-08-23,Levante,Villarreal,2,1
2019-08-24,Getafe,Atletico de Bilbao,1,1
2019-08-24,Osasuna,Eibar,0,0
2019-08-24,Real Madrid,Valladolid,1,1
2019-08-24,Celta,Valencia,1,0
2019-08-25,Mallorca,Real Sociedad,0,1
2019-08-25,Barcelona,Betis,5,2
2019-08-25,Alaves,Espanol,0,0
2019-08-25,Leganes,Atletico de Madrid,0,1
2019-08-30,Sevilla,Celta,1,1
2019-08-30,Atletico de Bilbao,Real Sociedad,2,0
2019-08-31,Levante,Valladolid,2,0
2019-08-31,Getafe,Alaves,1,1
2019-08-31,Osasuna,Barcelona,2,2
2019-08-31,Betis,Leganes,2,1
2019-09-01,Valencia,Mallorca,2,0
2019-09-01,Espanol,Granada,0,3
2019-09-01,Villarreal,Real Madrid,2,2
2019-09-01,Atletico de Madrid,Eibar,3,2
2019-09-13,Mallorca,Atletico de Bilbao,0,0
2019-09-14,Barcelona,Valencia,5,2
2019-09-14,Leganes,Villarreal,0,3
2019-09-14,Real Madrid,Levante,3,2
2019-09-14,Real Sociedad,Atletico de Madrid,2,0
2019-09-15,Valladolid,Osasuna,1,1
2019-09-15,Celta,Granada,0,2
2019-09-15,Betis,Getafe,1,1
2019-09-15,Alaves,Sevilla,0,1
2019-09-15,Eibar,Espanol,1,2
2019-09-20,Osasuna,Betis,0,0
2019-09-21,Villarreal,Valladolid,2,0
2019-09-21,Granada,Barcelona,2,0
2019-09-21,Atletico de Madrid,Celta,0,0
2019-09-21,Levante,Eibar,0,0
2019-09-22,Getafe,Mallorca,4,2
2019-09-22,Espanol,Real Sociedad,1,3
2019-09-22,Atletico de Bilbao,Alaves,2,0
2019-09-22,Valencia,Leganes,1,1
2019-09-22,Sevilla,Real Madrid,0,1
2019-09-24,Valladolid,Granada,1,1
2019-09-24,Barcelona,Villarreal,2,1
2019-09-24,Betis,Levante,3,1
2019-09-25,Leganes,Atletico de Bilbao,1,1
2019-09-25,Valencia,Getafe,3,3
2019-09-25,Mallorca,Atletico de Madrid,0,2
2019-09-25,Real Madrid,Osasuna,2,0
2019-09-26,Real Sociedad,Alaves,3,0
2019-09-26,Eibar,Sevilla,3,2
2019-09-26,Celta,Espanol,1,1
2019-09-27,Villarreal,Betis,5,1
2019-09-28,Atletico de Madrid,Real Madrid,0,0
2019-09-28,Getafe,Barcelona,0,2
2019-09-28,Atletico de Bilbao,Valencia,0,1
2019-09-28,Granada,Leganes,1,0
2019-09-29,Espanol,Valladolid,0,2
2019-09-29,Eibar,Celta,2,0
2019-09-29,Sevilla,Real Sociedad,3,2
2019-09-29,Levante,Osasuna,1,1
2019-09-29,Alaves,Mallorca,2,0
2019-10-04,Betis,Eibar,1,1
2019-10-05,Osasuna,Villarreal,2,1
2019-10-05,Real Madrid,Granada,4,2
2019-10-05,Valencia,Alaves,2,1
2019-10-05,Leganes,Levante,1,2
2019-10-06,Valladolid,Atletico de Madrid,0,0
2019-10-06,Barcelona,Sevilla,4,0
2019-10-06,Celta,Atletico de Bilbao,1,0
2019-10-06,Mallorca,Espanol,2,0
2019-10-06,Real Sociedad,Getafe,1,2
2019-10-18,Granada,Osasuna,1,0
2019-10-19,Getafe,Leganes,2,0
2019-10-19,Mallorca,Real Madrid,1,0
2019-10-19,Atletico de Madrid,Valencia,1,1
2019-10-19,Eibar,Barcelona,0,3
2019-10-20,Real Sociedad,Betis,3,1
2019-10-20,Espanol,Villarreal,0,1
2019-10-20,Alaves,Celta,2,0
2019-10-20,Atletico de Bilbao,Valladolid,1,1
2019-10-20,Sevilla,Levante,1,0
2019-10-25,Villarreal,Alaves,4,1
2019-10-26,Valladolid,Eibar,2,0
2019-10-26,Atletico de Madrid,Atletico de Bilbao,2,0
2019-10-26,Leganes,Mallorca,1,0
2019-10-27,Celta,Real Sociedad,0,1
2019-10-27,Sevilla,Getafe,2,0
2019-10-27,Osasuna,Valencia,3,1
2019-10-27,Levante,Espanol,0,1
2019-10-27,Granada,Betis,1,0
2019-10-29,Alaves,Atletico de Madrid,1,1
2019-10-29,Barcelona,Valladolid,5,1
2019-10-30,Valencia,Sevilla,1,1
2019-10-30,Real Madrid,Leganes,5,0
2019-10-30,Real Sociedad,Levante,1,2
2019-10-30,Atletico de Bilbao,Espanol,3,0
2019-10-30,Betis,Celta,2,1
2019-10-31,Mallorca,Osasuna,2,2
2019-10-31,Getafe,Granada,3,1
2019-10-31,Eibar,Villarreal,2,1
2019-11-02,Levante,Barcelona,3,1
2019-11-02,Real Madrid,Betis,0,0
2019-11-02,Espanol,Valencia,1,2
2019-11-02,Sevilla,Atletico de Madrid,1,1
2019-11-03,Villarreal,Atletico de Bilbao,0,0
2019-11-03,Granada,Real Sociedad,1,2
2019-11-03,Celta,Getafe,0,1
2019-11-03,Osasuna,Alaves,4,2
2019-11-03,Leganes,Eibar,1,2
2019-11-03,Valladolid,Mallorca,3,0
2019-11-08,Real Sociedad,Leganes,1,1
2019-11-09,Valencia,Granada,2,0
2019-11-09,Eibar,Real Madrid,0,4
2019-11-09,Barcelona,Celta,4,1
2019-11-09,Alaves,Valladolid,3,0
2019-11-10,Mallorca,Villarreal,3,1
2019-11-10,Atletico de Madrid,Espanol,3,1
2019-11-10,Atletico de Bilbao,Levante,2,1
2019-11-10,Betis,Sevilla,1,2
2019-11-10,Getafe,Osasuna,0,0
2019-11-22,Levante,Mallorca,2,1
2019-11-23,Real Madrid,Real Sociedad,3,1
2019-11-23,Leganes,Barcelona,1,2
2019-11-23,Granada,Atletico de Madrid,1,1
2019-11-23,Betis,Valencia,2,1
2019-11-24,Osasuna,Atletico de Bilbao,1,2
2019-11-24,Villarreal,Celta,1,3
2019-11-24,Valladolid,Sevilla,0,1
2019-11-24,Eibar,Alaves,0,2
2019-11-24,Espanol,Getafe,1,1
2019-11-29,Celta,Valladolid,0,0
2019-11-30,Alaves,Real Madrid,1,2
2019-11-30,Valencia,Villarreal,2,1
2019-11-30,Mallorca,Betis,1,2
2019-11-30,Real Sociedad,Eibar,4,1
2019-12-01,Sevilla,Leganes,1,0
2019-12-01,Espanol,Osasuna,2,4
2019-12-01,Getafe,Levante,4,0
2019-12-01,Atletico de Bilbao,Granada,2,0
2019-12-01,Atletico de Madrid,Barcelona,0,1
2019-12-06,Villarreal,Atletico de Madrid,0,0
2019-12-07,Granada,Alaves,3,0
2019-12-07,Levante,Valencia,2,4
2019-12-07,Real Madrid,Espanol,2,0
2019-12-07,Barcelona,Mallorca,5,2
2019-12-08,Valladolid,Real Sociedad,0,0
2019-12-08,Eibar,Getafe,0,1
2019-12-08,Leganes,Celta,3,2
2019-12-08,Betis,Atletico de Bilbao,3,2
2019-12-08,Osasuna,Sevilla,1,1
2019-12-13,Alaves,Leganes,1,1
2019-12-14,Atletico de Bilbao,Eibar,0,0
2019-12-14,Atletico de Madrid,Osasuna,2,0
2019-12-14,Granada,Levante,1,2
2019-12-14,Real Sociedad,Barcelona,2,2
2019-12-15,Getafe,Valladolid,2,0
2019-12-15,Valencia,Real Madrid,1,1
2019-12-15,Celta,Mallorca,2,2
2019-12-15,Sevilla,Villarreal,1,2
2019-12-15,Espanol,Betis,2,2
2019-12-18,Barcelona,Real Madrid,0,0
2019-12-20,Eibar,Granada,3,0
2019-12-21,Villarreal,Getafe,1,0
2019-12-21,Mallorca,Sevilla,0,2
2019-12-21,Barcelona,Alaves,4,1
2019-12-21,Valladolid,Valencia,1,1
2019-12-22,Leganes,Espanol,2,0
2019-12-22,Osasuna,Real Sociedad,3,4
2019-12-22,Real Madrid,Atletico de Bilbao,0,0
2019-12-22,Levante,Celta,3,1
2019-12-22,Betis,Atletico de Madrid,1,2
2020-01-03,Valladolid,Leganes,2,2
2020-01-03,Sevilla,Atletico de Bilbao,1,1
2020-01-04,Espanol,Barcelona,2,2
2020-01-04,Atletico de Madrid,Levante,2,1
2020-01-04,Valencia,Eibar,1,0
2020-01-04,Getafe,Real Madrid,0,3
2020-01-05,Alaves,Betis,1,1
2020-01-05,Celta,Osasuna,1,1
2020-01-05,Granada,Mallorca,1,0
2020-01-05,Real Sociedad,Villarreal,1,2
2020-01-17,Leganes,Getafe,0,3
2020-01-18,Real Madrid,Sevilla,2,1
2020-01-18,Eibar,Atletico de Madrid,2,0
2020-01-18,Levante,Alaves,0,1
2020-01-18,Osasuna,Valladolid,0,0
2020-01-19,Atletico de Bilbao,Celta,1,1
2020-01-19,Villarreal,Espanol,1,2
2020-01-19,Mallorca,Valencia,4,1
2020-01-19,Betis,Real Sociedad,3,0
2020-01-19,Barcelona,Granada,1,0
2020-01-24,Osasuna,Levante,2,0
2020-01-25,Valencia,Barcelona,2,0
2020-01-25,Alaves,Villarreal,1,2
2020-01-25,Espanol,Atletico de Bilbao,1,1
2020-01-25,Sevilla,Granada,2,0
2020-01-26,Valladolid,Real Madrid,0,1
2020-01-26,Atletico de Madrid,Leganes,0,0
2020-01-26,Celta,Eibar,0,0
2020-01-26,Getafe,Betis,1,0
2020-01-26,Real Sociedad,Mallorca,3,0
2020-02-01,Granada,Espanol,2,1
2020-02-01,Mallorca,Valladolid,0,1
2020-02-01,Real Madrid,Atletico de Madrid,1,0
2020-02-01,Valencia,Celta,1,0
2020-02-02,Leganes,Real Sociedad,2,1
2020-02-02,Sevilla,Alaves,1,1
2020-02-02,Barcelona,Levante,2,1
2020-02-02,Eibar,Betis,1,1
2020-02-02,Villarreal,Osasuna,3,1
2020-02-02,Atletico de Bilbao,Getafe,0,2
2020-02-07,Alaves,Eibar,2,1
2020-02-08,Valladolid,Villarreal,1,1
2020-02-08,Getafe,Valencia,3,0
2020-02-08,Levante,Leganes,2,0
2020-02-08,Atletico de Madrid,Granada,1,0
2020-02-09,Betis,Barcelona,2,3
2020-02-09,Celta,Sevilla,2,1
2020-02-09,Espanol,Mallorca,1,0
2020-02-09,Osasuna,Real Madrid,1,4
2020-02-09,Real Sociedad,Atletico de Bilbao,2,1
2020-02-14,Valencia,Atletico de Madrid,2,2
2020-02-15,Mallorca,Alaves,1,0
2020-02-15,Barcelona,Getafe,2,1
2020-02-15,Granada,Valladolid,2,1
2020-02-15,Villarreal,Levante,2,1
2020-02-16,Real Madrid,Celta,2,2
2020-02-16,Leganes,Betis,0,0
2020-02-16,Sevilla,Espanol,2,2
2020-02-16,Atletico de Bilbao,Osasuna,0,1
2020-02-21,Betis,Mallorca,3,3
2020-02-22,Celta,Leganes,1,0
2020-02-22,Levante,Real Madrid,1,0
2020-02-22,Barcelona,Eibar,5,0
2020-02-22,Real Sociedad,Valencia,3,0
2020-02-23,Alaves,Atletico de Bilbao,2,1
2020-02-23,Valladolid,Espanol,2,1
2020-02-23,Osasuna,Granada,0,3
2020-02-23,Getafe,Sevilla,0,3
2020-02-23,Atletico de Madrid,Villarreal,3,1
2020-02-28,Real Sociedad,Valladolid,1,0
2020-02-29,Granada,Celta,0,0
2020-02-29,Leganes,Alaves,1,1
2020-02-29,Valencia,Betis,2,1
2020-02-29,Eibar,Levante,3,0
2020-03-01,Espanol,Atletico de Madrid,1,1
2020-03-01,Sevilla,Osasuna,3,2
2020-03-01,Real Madrid,Barcelona,2,0
2020-03-01,Mallorca,Getafe,0,1
2020-03-01,Atletico de Bilbao,Villarreal,1,0
2020-03-06,Alaves,Valencia,1,1
2020-03-07,Eibar,Mallorca,1,2
2020-03-07,Atletico de Madrid,Sevilla,2,2
2020-03-07,Barcelona,Real Sociedad,1,0
2020-03-07,Getafe,Celta,0,0
2020-03-08,Valladolid,Atletico de Bilbao,1,4
2020-03-08,Villarreal,Leganes,1,2
2020-03-08,Osasuna,Espanol,1,0
2020-03-08,Levante,Granada,1,1
2020-03-08,Betis,Real Madrid,2,1
2020-03-10,Eibar,Real Sociedad,1,2
2020-06-11,Sevilla,Betis,2,0
2020-06-12,Valencia,Levante,1,1
2020-06-12,Granada,Getafe,2,1
2020-06-13,Celta,Villarreal,0,1
2020-06-13,Espanol,Alaves,2,0
2020-06-13,Leganes,Valladolid,1,2
2020-06-13,Mallorca,Barcelona,0,4
2020-06-14,Real Madrid,Eibar,3,1
2020-06-14,Atletico de Bilbao,Atletico de Madrid,1,1
2020-06-14,Real Sociedad,Osasuna,1,1
2020-06-15,Levante,Sevilla,1,1
2020-06-15,Betis,Granada,2,2
2020-06-16,Getafe,Espanol,0,0
2020-06-16,Villarreal,Mallorca,1,0
2020-06-16,Barcelona,Leganes,2,0
2020-06-17,Eibar,Atletico de Bilbao,2,2
2020-06-17,Valladolid,Celta,0,0
2020-06-17,Osasuna,Atletico de Madrid,0,5
2020-06-18,Alaves,Real Sociedad,2,0
2020-06-18,Real Madrid,Valencia,3,0
2020-06-19,Granada,Villarreal,0,1
2020-06-19,Sevilla,Barcelona,0,0
2020-06-19,Mallorca,Leganes,1,1
2020-06-20,Espanol,Levante,1,3
2020-06-20,Atletico de Madrid,Valladolid,1,0
2020-06-20,Atletico de Bilbao,Betis,1,0
2020-06-20,Getafe,Eibar,1,1
2020-06-21,Real Sociedad,Real Madrid,1,2
2020-06-21,Valencia,Osasuna,2,0
2020-06-21,Celta,Alaves,6,0
2020-06-22,Leganes,Granada,0,0
2020-06-22,Villarreal,Sevilla,2,2
2020-06-23,Levante,Atletico de Madrid,0,1
2020-06-23,Valladolid,Getafe,1,1
2020-06-23,Barcelona,Atletico de Bilbao,1,0
2020-06-24,Alaves,Osasuna,0,1
2020-06-24,Real Madrid,Mallorca,2,0
2020-06-24,Real Sociedad,Celta,0,1
2020-06-25,Betis,Espanol,1,0
2020-06-25,Eibar,Valencia,1,0
2020-06-26,Sevilla,Valladolid,1,1
2020-06-27,Atletico de Madrid,Alaves,2,1
2020-06-27,Atletico de Bilbao,Mallorca,3,1
2020-06-27,Osasuna,Leganes,2,1
2020-06-27,Celta,Barcelona,2,2
2020-06-28,Villarreal,Valencia,2,0
2020-06-28,Levante,Betis,4,2
2020-06-28,Granada,Eibar,1,2
2020-06-28,Espanol,Real Madrid,0,1
2020-06-29,Getafe,Real Sociedad,2,1
2020-06-30,Mallorca,Celta,5,1
2020-06-30,Leganes,Sevilla,0,3
2020-06-30,Barcelona,Atletico de Madrid,2,2
2020-07-01,Betis,Villarreal,0,2
2020-07-01,Valladolid,Levante,0,0
2020-07-01,Alaves,Granada,0,2
2020-07-01,Valencia,Atletico de Bilbao,0,2
2020-07-02,Real Madrid,Getafe,1,0
2020-07-02,Eibar,Osasuna,0,2
2020-07-02,Real Sociedad,Espanol,2,1
2020-07-03,Atletico de Madrid,Mallorca,3,0
2020-07-04,Celta,Betis,1,1
2020-07-04,Granada,Valencia,2,2
2020-07-04,Valladolid,Alaves,1,0
2020-07-05,Villarreal,Barcelona,1,4
2020-07-05,Espanol,Leganes,0,1
2020-07-05,Atletico de Bilbao,Real Madrid,0,1
2020-07-05,Osasuna,Getafe,0,0
2020-07-06,Levante,Real Sociedad,1,1
2020-07-06,Sevilla,Eibar,1,0
2020-07-07,Valencia,Valladolid,2,1
2020-07-07,Celta,Atletico de Madrid,1,1
2020-07-08,Betis,Osasuna,3,0
2020-07-08,Getafe,Villarreal,1,3
2020-07-08,Barcelona,Espanol,1,0
2020-07-09,Eibar,Leganes,0,0
2020-07-09,Atletico de Bilbao,Sevilla,1,2
2020-07-09,Mallorca,Levante,2,0
2020-07-10,Real Madrid,Alaves,2,0
2020-07-10,Real Sociedad,Granada,2,3
2020-07-11,Osasuna,Celta,2,1
2020-07-11,Valladolid,Barcelona,0,1
2020-07-11,Atletico de Madrid,Betis,1,0
2020-07-12,Sevilla,Mallorca,2,0
2020-07-12,Levante,Atletico de Bilbao,1,2
2020-07-12,Leganes,Valencia,1,0
2020-07-12,Espanol,Eibar,0,2
2020-07-13,Alaves,Getafe,0,0
2020-07-13,Granada,Real Madrid,1,2
2020-07-13,Villarreal,Real Sociedad,1,2
2020-07-16,Real Madrid,Villarreal,2,1
2020-07-16,Real Sociedad,Sevilla,0,0
2020-07-16,Valencia,Espanol,1,0
2020-07-16,Eibar,Valladolid,3,1
2020-07-16,Mallorca,Granada,1,2
2020-07-16,Celta,Levante,2,3
2020-07-16,Betis,Alaves,1,2
2020-07-16,Barcelona,Osasuna,1,2
2020-07-16,Atletico de Bilbao,Leganes,0,2
2020-07-16,Getafe,Atletico de Madrid,0,2
2020-07-19,Villarreal,Eibar,4,0
2020-07-19,Alaves,Barcelona,0,5
2020-07-19,Sevilla,Valencia,1,0
2020-07-19,Osasuna,Mallorca,2,2
2020-07-19,Levante,Getafe,1,0
2020-07-19,Leganes,Real Madrid,2,2
2020-07-19,Granada,Atletico de Bilbao,4,0
2020-07-19,Espanol,Celta,0,0
2020-07-19,Atletico de Madrid,Real Sociedad,1,1
2020-07-19,Valladolid,Betis,2,0
2020-09-12,Eibar,Celta,0,0
2020-09-12,Cadiz,Osasuna,0,2
2020-09-12,Granada,Atletico de Bilbao,2,0
2020-09-13,Valladolid,Real Sociedad,1,1
2020-09-13,Villarreal,Huesca,1,1
2020-09-13,Valencia,Levante,4,2
2020-09-13,Alaves,Betis,0,1
2020-09-19,Villarreal,Eibar,2,1
2020-09-19,Getafe,Osasuna,1,0
2020-09-19,Celta,Valencia,2,1
2020-09-20,Real Sociedad,Real Madrid,0,0
2020-09-20,Huesca,Cadiz,0,2
2020-09-20,Betis,Valladolid,2,0
2020-09-20,Granada,Alaves,2,1
2020-09-26,Valencia,Huesca,1,1
2020-09-26,Betis,Real Madrid,2,3
2020-09-26,Alaves,Getafe,0,0
2020-09-26,Elche,Real Sociedad,0,3
2020-09-27,Osasuna,Levante,1,3
2020-09-27,Cadiz,Sevilla,1,3
2020-09-27,Eibar,Atletico de Bilbao,1,2
2020-09-27,Barcelona,Villarreal,4,0
2020-09-27,Valladolid,Celta,1,1
2020-09-27,Atletico de Madrid,Granada,6,1
2020-09-29,Real Sociedad,Valencia,0,1
2020-09-29,Getafe,Betis,3,0
2020-09-30,Eibar,Elche,0,1
2020-09-30,Huesca,Atletico de Madrid,0,0
2020-09-30,Real Madrid,Valladolid,1,0
2020-09-30,Villarreal,Alaves,3,1
2020-10-01,Celta,Barcelona,0,3
2020-10-01,Sevilla,Levante,1,0
2020-10-01,Atletico de Bilbao,Cadiz,0,1
2020-10-03,Real Sociedad,Getafe,3,0
2020-10-03,Valencia,Betis,0,2
2020-10-03,Valladolid,Eibar,1,2
2020-10-03,Elche,Huesca,0,0
2020-10-03,Atletico de Madrid,Villarreal,0,0
2020-10-04,Barcelona,Sevilla,1,1
2020-10-04,Osasuna,Celta,2,0
2020-10-04,Levante,Real Madrid,0,2
2020-10-04,Cadiz,Granada,1,1
2020-10-04,Alaves,Atletico de Bilbao,1,0
2020-10-17,Getafe,Barcelona,1,0
2020-10-17,Granada,Sevilla,1,0
2020-10-17,Real Madrid,Cadiz,0,1
2020-10-17,Celta,Atletico de Madrid,0,2
2020-10-18,Alaves,Elche,0,2
2020-10-18,Atletico de Bilbao,Levante,2,0
2020-10-18,Betis,Real Sociedad,0,3
2020-10-18,Huesca,Valladolid,2,2
2020-10-18,Eibar,Osasuna,0,0
2020-10-18,Villarreal,Valencia,2,1
2020-10-23,Elche,Valencia,2,1
2020-10-24,Barcelona,Real Madrid,1,3
2020-10-24,Osasuna,Atletico de Bilbao,1,0
2020-10-24,Atletico de Madrid,Betis,2,0
2020-10-24,Sevilla,Eibar,0,1
2020-10-25,Real Sociedad,Huesca,4,1
2020-10-25,Cadiz,Villarreal,0,0
2020-10-25,Getafe,Granada,0,1
2020-10-25,Valladolid,Alaves,0,2
2020-10-26,Levante,Celta,1,1
2020-10-30,Eibar,Cadiz,0,2
2020-10-31,Alaves,Barcelona,1,1
2020-10-31,Osasuna,Atletico de Madrid,1,3
2020-10-31,Atletico de Bilbao,Sevilla,2,1
2020-10-31,Real Madrid,Huesca,4,1
2020-11-01,Celta,Real Sociedad,1,4
2020-11-01,Betis,Elche,3,1
2020-11-01,Valencia,Getafe,2,2
2020-11-01,Granada,Levante,1,1
2020-11-02,Villarreal,Valladolid,2,0
2020-11-06,Elche,Celta,1,1
2020-11-07,Barcelona,Betis,5,2
2020-11-07,Atletico de Madrid,Cadiz,4,0
2020-11-07,Huesca,Eibar,1,1
2020-11-07,Sevilla,Osasuna,1,0
2020-11-08,Getafe,Villarreal,1,3
2020-11-08,Valladolid,Atletico de Bilbao,2,1
2020-11-08,Valencia,Real Madrid,4,1
2020-11-08,Real Sociedad,Granada,2,0
2020-11-08,Levante,Alaves,1,1
2020-11-20,Osasuna,Huesca,1,1
2020-11-21,Atletico de Madrid,Barcelona,1,0
2020-11-21,Levante,Elche,1,1
2020-11-21,Sevilla,Celta,4,2
2020-11-21,Villarreal,Real Madrid,1,1
2020-11-22,Eibar,Getafe,0,0
2020-11-22,Granada,Valladolid,1,3
2020-11-22,Cadiz,Real Sociedad,0,1
2020-11-22,Alaves,Valencia,2,2
2020-11-23,Atletico de Bilbao,Betis,4,0
2020-11-27,Valladolid,Levante,1,1
2020-11-28,Elche,Cadiz,1,1
2020-11-28,Huesca,Sevilla,0,1
2020-11-28,Real Madrid,Alaves,1,2
2020-11-28,Valencia,Atletico de Madrid,0,1
2020-11-29,Barcelona,Osasuna,4,0
2020-11-29,Getafe,Atletico de Bilbao,1,1
2020-11-29,Real Sociedad,Villarreal,1,1
2020-11-29,Celta,Granada,3,1
2020-11-30,Betis,Eibar,0,2
2020-12-04,Atletico de Bilbao,Celta,0,2
2020-12-05,Cadiz,Barcelona,2,1
2020-12-05,Levante,Getafe,3,0
2020-12-05,Atletico de Madrid,Valladolid,2,0
2020-12-05,Sevilla,Real Madrid,0,1
2020-12-06,Osasuna,Betis,0,2
2020-12-06,Granada,Huesca,3,3
2020-12-06,Alaves,Real Sociedad,0,0
2020-12-06,Villarreal,Elche,0,0
2020-12-07,Eibar,Valencia,0,0
2020-12-11,Valladolid,Osasuna,3,2
2020-12-12,Valencia,Atletico de Bilbao,2,2
2020-12-12,Real Madrid,Atletico de Madrid,2,0
2020-12-12,Huesca,Alaves,1,0
2020-12-12,Getafe,Sevilla,0,1
2020-12-13,Real Sociedad,Eibar,1,1
2020-12-13,Barcelona,Levante,1,0
2020-12-13,Betis,Villarreal,1,1
2020-12-13,Elche,Granada,0,1
2020-12-14,Celta,Cadiz,4,0
2020-12-15,Real Madrid,Atletico de Bilbao,3,1
2020-12-16,Barcelona,Real Sociedad,2,1
2020-12-18,Atletico de Bilbao,Huesca,2,0
2020-12-19,Atletico de Madrid,Elche,3,1
2020-12-19,Barcelona,Valencia,2,2
2020-12-19,Levante,Real Sociedad,2,1
2020-12-19,Osasuna,Villarreal,1,3
2020-12-19,Sevilla,Valladolid,1,1
2020-12-20,Eibar,Real Madrid,1,3
2020-12-20,Cadiz,Getafe,0,2
2020-12-20,Granada,Betis,2,0
2020-12-20,Celta,Alaves,2,0
2020-12-22,Villarreal,Atletico de Bilbao,1,1
2020-12-22,Valladolid,Barcelona,0,3
2020-12-22,Valencia,Sevilla,0,1
2020-12-22,Huesca,Levante,1,1
2020-12-22,Elche,Osasuna,2,2
2020-12-22,Real Sociedad,Atletico de Madrid,0,2
2020-12-23,Getafe,Celta,1,1
2020-12-23,Betis,Cadiz,1,0
2020-12-23,Alaves,Eibar,2,1
2020-12-23,Real Madrid,Granada,2,0
2020-12-29,Levante,Betis,4,3
2020-12-29,Barcelona,Eibar,1,1
2020-12-29,Cadiz,Valladolid,0,0
2020-12-29,Sevilla,Villarreal,2,0
2020-12-30,Elche,Real Madrid,1,1
2020-12-30,Granada,Valencia,2,1
2020-12-30,Atletico de Madrid,Getafe,1,0
2020-12-30,Celta,Huesca,2,1
2020-12-31,Atletico de Bilbao,Real Sociedad,0,1
2020-12-31,Osasuna,Alaves,1,1
2021-01-02,Real Madrid,Celta,2,0
2021-01-02,Villarreal,Levante,2,1
2021-01-02,Getafe,Valladolid,0,1
2021-01-02,Betis,Sevilla,1,1
2021-01-03,Alaves,Atletico de Madrid,1,2
2021-01-03,Real Sociedad,Osasuna,1,1
2021-01-03,Eibar,Granada,2,0
2021-01-03,Atletico de Bilbao,Elche,1,0
2021-01-03,Huesca,Barcelona,0,1
2021-01-04,Valencia,Cadiz,1,1
2021-01-06,Atletico de Bilbao,Barcelona,2,3
2021-01-08,Celta,Villarreal,0,4
2021-01-09,Sevilla,Real Sociedad,3,2
2021-01-09,Osasuna,Real Madrid,0,0
2021-01-09,Granada,Barcelona,0,4
2021-01-10,Valladolid,Valencia,0,1
2021-01-10,Cadiz,Alaves,3,1
2021-01-10,Levante,Eibar,2,1
2021-01-11,Huesca,Betis,0,2
2021-01-11,Elche,Getafe,1,3
2021-01-12,Granada,Osasuna,2,0
2021-01-12,Atletico de Madrid,Sevilla,2,0
2021-01-19,Valladolid,Elche,2,2
2021-01-19,Cadiz,Levante,2,2
2021-01-19,Alaves,Sevilla,1,2
2021-01-20,Betis,Celta,2,1
2021-01-20,Getafe,Huesca,1,0
2021-01-20,Villarreal,Granada,2,2
2021-01-21,Valencia,Osasuna,1,1
2021-01-21,Eibar,Atletico de Madrid,1,2
2021-01-22,Levante,Valladolid,2,2
2021-01-23,Huesca,Villarreal,0,0
2021-01-23,Alaves,Real Madrid,1,4
2021-01-23,Real Sociedad,Betis,2,2
2021-01-23,Sevilla,Cadiz,3,0
2021-01-24,Celta,Eibar,1,1
2021-01-24,Elche,Barcelona,0,2
2021-01-24,Osasuna,Granada,3,1
2021-01-24,Atletico de Madrid,Valencia,3,1
2021-01-25,Atletico de Bilbao,Getafe,5,1
2021-01-29,Valladolid,Huesca,1,3
2021-01-30,Valencia,Elche,1,0
2021-01-30,Villarreal,Real Sociedad,1,1
2021-01-30,Real Madrid,Levante,1,2
2021-01-30,Eibar,Sevilla,0,2
2021-01-31,Cadiz,Atletico de Madrid,2,4
2021-01-31,Getafe,Alaves,0,0
2021-01-31,Barcelona,Atletico de Bilbao,2,1
2021-01-31,Granada,Celta,0,0
2021-02-01,Betis,Osasuna,1,0
2021-02-05,Alaves,Valladolid,1,0
2021-02-06,Huesca,Real Madrid,1,2
2021-02-06,Levante,Granada,2,2
2021-02-06,Sevilla,Getafe,3,0
2021-02-06,Elche,Villarreal,2,2
2021-02-07,Betis,Barcelona,2,3
2021-02-07,Osasuna,Eibar,2,1
2021-02-07,Real Sociedad,Cadiz,4,1
2021-02-07,Atletico de Bilbao,Valencia,1,1
2021-02-08,Atletico de Madrid,Celta,2,2
2021-02-09,Real Madrid,Getafe,2,0
2021-02-12,Celta,Elche,3,1
2021-02-13,Eibar,Valladolid,1,1
2021-02-13,Granada,Atletico de Madrid,1,2
2021-02-13,Sevilla,Huesca,1,0
2021-02-13,Barcelona,Alaves,5,1
2021-02-14,Villarreal,Betis,1,2
2021-02-14,Getafe,Real Sociedad,0,1
2021-02-14,Real Madrid,Valencia,2,0
2021-02-14,Levante,Osasuna,0,1
2021-02-15,Cadiz,Atletico de Bilbao,0,4
2021-02-17,Levante,Atletico de Madrid,1,1
2021-02-19,Betis,Getafe,1,0
2021-02-20,Elche,Eibar,1,0
2021-02-20,Valencia,Celta,2,0
2021-02-20,Valladolid,Real Madrid,0,1
2021-02-20,Atletico de Madrid,Levante,0,2
2021-02-21,Atletico de Bilbao,Villarreal,1,1
2021-02-21,Huesca,Granada,3,2
2021-02-21,Barcelona,Cadiz,1,1
2021-02-21,Real Sociedad,Alaves,4,0
2021-02-22,Osasuna,Sevilla,0,2
2021-02-24,Barcelona,Elche,3,0
2021-02-26,Levante,Atletico de Bilbao,1,1
2021-02-27,Alaves,Osasuna,0,1
2021-02-27,Sevilla,Barcelona,0,2
2021-02-27,Getafe,Valencia,3,0
2021-02-27,Eibar,Huesca,1,1
2021-02-28,Celta,Valladolid,1,1
2021-02-28,Cadiz,Betis,0,1
2021-02-28,Granada,Elche,2,1
2021-02-28,Villarreal,Atletico de Madrid,0,2
2021-03-01,Real Madrid,Real Sociedad,1,1
2021-03-05,Valencia,Villarreal,2,1
2021-03-06,Elche,Sevilla,2,1
2021-03-06,Cadiz,Eibar,1,0
2021-03-06,Osasuna,Barcelona,0,2
2021-03-06,Valladolid,Getafe,2,1
2021-03-07,Huesca,Celta,3,4
2021-03-07,Real Sociedad,Levante,1,0
2021-03-07,Atletico de Madrid,Real Madrid,1,1
2021-03-07,Atletico de Bilbao,Granada,2,1
2021-03-08,Betis,Alaves,3,2
2021-03-10,Atletico de Madrid,Atletico de Bilbao,2,1
2021-03-12,Levante,Valencia,1,0
2021-03-13,Alaves,Cadiz,1,1
2021-03-13,Real Madrid,Elche,2,1
2021-03-13,Osasuna,Valladolid,0,0
2021-03-13,Getafe,Atletico de Madrid,0,0
2021-03-14,Eibar,Villarreal,1,3
2021-03-14,Celta,Atletico de Bilbao,0,0
2021-03-14,Granada,Real Sociedad,1,0
2021-03-14,Sevilla,Betis,1,0
2021-03-15,Barcelona,Huesca,4,1
2021-03-17,Sevilla,Elche,2,0
2021-03-19,Betis,Levante,2,0
2021-03-20,Atletico de Bilbao,Eibar,1,1
2021-03-20,Valladolid,Sevilla,1,1
2021-03-20,Celta,Real Madrid,1,3
2021-03-20,Huesca,Osasuna,0,0
2021-03-21,Atletico de Madrid,Alaves,1,0
2021-03-21,Real Sociedad,Barcelona,1,6
2021-03-21,Valencia,Granada,2,1
2021-03-21,Villarreal,Cadiz,2,1
2021-03-21,Getafe,Elche,1,1
2021-04-02,Levante,Huesca,0,2
2021-04-03,Real Madrid,Eibar,2,0
2021-04-03,Osasuna,Getafe,0,0
2021-04-03,Granada,Villarreal,0,3
2021-04-04,Cadiz,Valencia,2,1
2021-04-04,Sevilla,Atletico de Madrid,1,0
2021-04-04,Elche,Betis,1,1
2021-04-04,Alaves,Celta,1,3
2021-04-05,Barcelona,Valladolid,1,0
2021-04-07,Real Sociedad,Atletico de Bilbao,1,1
2021-04-09,Huesca,Elche,3,1
2021-04-10,Real Madrid,Barcelona,2,1
2021-04-10,Eibar,Levante,0,1
2021-04-10,Atletico de Bilbao,Alaves,0,0
2021-04-10,Getafe,Cadiz,0,1
2021-04-11,Valladolid,Granada,1,2
2021-04-11,Villarreal,Osasuna,1,2
2021-04-11,Betis,Atletico de Madrid,1,1
2021-04-11,Valencia,Real Sociedad,2,2
2021-04-12,Celta,Sevilla,3,4
2021-04-18,Cadiz,Celta,0,0
2021-04-18,Atletico de Madrid,Eibar,5,0
2021-04-18,Getafe,Real Madrid,0,0
2021-04-18,Betis,Valencia,2,2
2021-04-18,Alaves,Huesca,1,0
2021-04-18,Osasuna,Elche,2,0
2021-04-18,Real Sociedad,Sevilla,1,2
2021-04-18,Levante,Villarreal,1,5
2021-04-21,Elche,Valladolid,1,1
2021-04-21,Osasuna,Valencia,3,1
2021-04-21,Levante,Sevilla,0,1
2021-04-21,Cadiz,Real Madrid,0,3
2021-04-21,Betis,Atletico de Bilbao,0,0
2021-04-21,Alaves,Villarreal,2,1
2021-04-22,Atletico de Madrid,Huesca,2,0
2021-04-22,Barcelona,Getafe,5,2
2021-04-22,Granada,Eibar,4,1
2021-04-22,Real Sociedad,Celta,2,1
2021-04-24,Elche,Levante,1,0
2021-04-24,Valencia,Alaves,1,1
2021-04-24,Valladolid,Cadiz,1,1
2021-04-24,Real Madrid,Betis,0,0
2021-04-25,Huesca,Getafe,0,2
2021-04-25,Villarreal,Barcelona,1,2
2021-04-25,Sevilla,Granada,2,1
2021-04-25,Celta,Osasuna,2,1
2021-04-25,Atletico de Bilbao,Atletico de Madrid,2,1
2021-04-26,Eibar,Real Sociedad,0,1
2021-04-28,Atletico de Bilbao,Valladolid,2,2
2021-04-29,Barcelona,Granada,1,2
2021-04-30,Celta,Levante,2,0
2021-05-01,Real Madrid,Osasuna,2,0
2021-05-01,Elche,Atletico de Madrid,0,1
2021-05-01,Eibar,Alaves,3,0
2021-05-01,Huesca,Real Sociedad,1,0
2021-05-02,Granada,Cadiz,0,1
2021-05-02,Valencia,Barcelona,2,3
2021-05-02,Villarreal,Getafe,1,0
2021-05-02,Valladolid,Betis,1,1
2021-05-03,Sevilla,Atletico de Bilbao,0,1
2021-05-07,Real Sociedad,Elche,2,0
2021-05-08,Alaves,Levante,2,2
2021-05-08,Atletico de Bilbao,Osasuna,2,2
2021-05-08,Cadiz,Huesca,2,1
2021-05-08,Barcelona,Atletico de Madrid,0,0
2021-05-09,Villarreal,Celta,2,4
2021-05-09,Real Madrid,Sevilla,2,2
2021-05-09,Valencia,Valladolid,3,0
2021-05-09,Getafe,Eibar,0,1
2021-05-10,Betis,Granada,2,1
2021-05-11,Levante,Barcelona,3,3
2021-05-11,Osasuna,Cadiz,3,2
2021-05-11,Elche,Alaves,0,2
2021-05-12,Atletico de Madrid,Real Sociedad,2,1
2021-05-12,Sevilla,Valencia,1,0
2021-05-12,Celta,Getafe,1,0
2021-05-12,Huesca,Atletico de Bilbao,1,0
2021-05-13,Eibar,Betis,1,1
2021-05-13,Valladolid,Villarreal,0,2
2021-05-13,Granada,Real Madrid,1,4
2021-05-16,Atletico de Madrid,Osasuna,2,1
2021-05-16,Villarreal,Sevilla,4,0
2021-05-16,Valencia,Eibar,4,1
2021-05-16,Alaves,Granada,4,2
2021-05-16,Atletico de Bilbao,Real Madrid,0,1
2021-05-16,Barcelona,Celta,1,2
2021-05-16,Betis,Huesca,1,0
2021-05-16,Getafe,Levante,2,1
2021-05-16,Cadiz,Elche,1,3
2021-05-16,Real Sociedad,Valladolid,4,1
2021-05-21,Levante,Cadiz,2,2
2021-05-22,Elche,Atletico de Bilbao,2,0
2021-05-22,Valladolid,Atletico de Madrid,1,2
2021-05-22,Real Madrid,Villarreal,2,1
2021-05-22,Osasuna,Real Sociedad,0,1
2021-05-22,Huesca,Valencia,0,0
2021-05-22,Eibar,Barcelona,0,1
2021-05-22,Celta,Betis,2,3
2021-05-23,Sevilla,Alaves,1,0
2021-05-23,Granada,Getafe,0,0
2021-08-13,Valencia,Getafe,1,0
2021-08-14,Alaves,Real Madrid,1,4
2021-08-14,Cadiz,Levante,1,1
2021-08-14,Mallorca,Betis,1,1
2021-08-14,Osasuna,Espanol,0,0
2021-08-15,Barcelona,Real Sociedad,4,2
2021-08-15,Sevilla,Rayo Vallecano,3,0
2021-08-15,Celta,Atletico de Madrid,1,2
2021-08-16,Elche,Atletico de Bilbao,0,0
2021-08-16,Villarreal,Granada,0,0
2021-08-20,Betis,Cadiz,1,1
2021-08-21,Alaves,Mallorca,0,1
2021-08-21,Atletico de Bilbao,Barcelona,1,1
2021-08-21,Granada,Valencia,1,1
2021-08-21,Espanol,Villarreal,0,0
2021-08-22,Atletico de Madrid,Elche,1,0
2021-08-22,Levante,Real Madrid,3,3
2021-08-22,Real Sociedad,Rayo Vallecano,1,0
2021-08-23,Getafe,Sevilla,0,1
2021-08-23,Osasuna,Celta,0,0
2021-08-27,Valencia,Alaves,3,0
2021-08-27,Mallorca,Espanol,1,0
2021-08-28,Elche,Sevilla,1,1
2021-08-28,Real Sociedad,Levante,1,0
2021-08-28,Celta,Atletico de Bilbao,0,1
2021-08-28,Betis,Real Madrid,0,1
2021-08-29,Cadiz,Osasuna,2,3
2021-08-29,Rayo Vallecano,Granada,4,0
2021-08-29,Atletico de Madrid,Villarreal,2,2
2021-08-29,Barcelona,Getafe,2,1
2021-09-11,Atletico de Bilbao,Mallorca,2,0
2021-09-11,Levante,Rayo Vallecano,1,1
2021-09-12,Espanol,Atletico de Madrid,1,2
2021-09-12,Cadiz,Real Sociedad,0,2
2021-09-12,Real Madrid,Celta,5,2
2021-09-12,Osasuna,Valencia,1,4
2021-09-13,Getafe,Elche,0,1
2021-09-13,Granada,Betis,1,2
2021-09-17,Celta,Cadiz,1,2
2021-09-18,Elche,Levante,1,1
2021-09-18,Atletico de Madrid,Atletico de Bilbao,0,0
2021-09-18,Rayo Vallecano,Getafe,3,0
2021-09-18,Alaves,Osasuna,0,2
2021-09-19,Betis,Espanol,2,2
2021-09-19,Real Sociedad,Sevilla,0,0
2021-09-19,Valencia,Real Madrid,1,2
2021-09-19,Mallorca,Villarreal,0,0
2021-09-20,Barcelona,Granada,1,1
2021-09-21,Atletico de Bilbao,Rayo Vallecano,1,2
2021-09-21,Levante,Celta,0,2
2021-09-21,Getafe,Atletico de Madrid,1,2
2021-09-22,Villarreal,Elche,4,1
2021-09-22,Real Madrid,Mallorca,6,1
2021-09-22,Sevilla,Valencia,3,1
2021-09-22,Espanol,Alaves,1,0
2021-09-23,Cadiz,Barcelona,0,0
2021-09-23,Granada,Real Sociedad,2,3
2021-09-23,Osasuna,Betis,1,3
2021-09-25,Valencia,Atletico de Bilbao,1,1
2021-09-25,Alaves,Atletico de Madrid,1,0
2021-09-25,Real Madrid,Villarreal,0,0
2021-09-25,Sevilla,Espanol,2,0
2021-09-26,Real Sociedad,Elche,1,0
2021-09-26,Betis,Getafe,2,0
2021-09-26,Rayo Vallecano,Cadiz,3,1
2021-09-26,Barcelona,Levante,3,0
2021-09-26,Mallorca,Osasuna,2,3
2021-09-27,Celta,Granada,1,0
2021-10-01,Atletico de Bilbao,Alaves,1,0
2021-10-02,Atletico de Madrid,Barcelona,2,0
2021-10-02,Mallorca,Levante,1,0
2021-10-02,Osasuna,Rayo Vallecano,1,0
2021-10-02,Cadiz,Valencia,0,0
2021-10-03,Espanol,Real Madrid,2,1
2021-10-03,Getafe,Real Sociedad,1,1
2021-10-03,Elche,Celta,1,0
2021-10-03,Villarreal,Betis,2,0
2021-10-03,Granada,Sevilla,1,0
2021-10-16,Levante,Getafe,0,0
2021-10-16,Real Sociedad,Mallorca,1,0
2021-10-17,Celta,Sevilla,0,1
2021-10-17,Villarreal,Osasuna,1,2
2021-10-17,Barcelona,Valencia,3,1
2021-10-17,Rayo Vallecano,Elche,2,1
2021-10-18,Espanol,Cadiz,2,0
2021-10-18,Alaves,Betis,0,1
2021-10-22,Osasuna,Granada,1,1
2021-10-23,Valencia,Mallorca,2,2
2021-10-23,Cadiz,Alaves,0,2
2021-10-23,Elche,Espanol,2,2
2021-10-23,Atletico de Bilbao,Villarreal,2,1
2021-10-24,Betis,Rayo Vallecano,3,2
2021-10-24,Atletico de Madrid,Real Sociedad,2,2
2021-10-24,Barcelona,Real Madrid,1,2
2021-10-24,Sevilla,Levante,5,3
2021-10-25,Getafe,Celta,0,3
2021-10-26,Alaves,Elche,1,0
2021-10-26,Villarreal,Cadiz,3,3
2021-10-26,Espanol,Atletico de Bilbao,1,1
2021-10-27,Mallorca,Sevilla,1,1
2021-10-27,Real Madrid,Osasuna,0,0
2021-10-27,Betis,Valencia,4,1
2021-10-27,Rayo Vallecano,Barcelona,1,0
2021-10-28,Celta,Real Sociedad,0,2
2021-10-28,Granada,Getafe,1,1
2021-10-28,Levante,Atletico de Madrid,2,2
2021-10-30,Barcelona,Alaves,1,1
2021-10-30,Valencia,Villarreal,2,0
2021-10-30,Elche,Real Madrid,1,2
2021-10-30,Sevilla,Osasuna,2,0
2021-10-31,Real Sociedad,Atletico de Bilbao,1,1
2021-10-31,Cadiz,Mallorca,1,1
2021-10-31,Getafe,Espanol,2,1
2021-10-31,Atletico de Madrid,Betis,3,0
2021-11-01,Levante,Granada,0,3
2021-11-01,Rayo Vallecano,Celta,0,0
2021-11-05,Atletico de Bilbao,Cadiz,0,1
2021-11-06,Espanol,Granada,2,0
2021-11-06,Alaves,Levante,2,1
2021-11-06,Real Madrid,Rayo Vallecano,2,1
2021-11-06,Celta,Barcelona,3,3
2021-11-07,Mallorca,Elche,2,2
2021-11-07,Betis,Sevilla,0,2
2021-11-07,Osasuna,Real Sociedad,0,2
2021-11-07,Valencia,Atletico de Madrid,3,3
2021-11-07,Villarreal,Getafe,1,0
2021-11-19,Levante,Atletico de Bilbao,0,0
2021-11-20,Sevilla,Alaves,2,2
2021-11-20,Atletico de Madrid,Osasuna,1,0
2021-11-20,Celta,Villarreal,1,1
2021-11-20,Barcelona,Espanol,1,0
2021-11-21,Real Sociedad,Valencia,0,0
2021-11-21,Elche,Betis,0,3
2021-11-21,Granada,Real Madrid,1,4
2021-11-21,Getafe,Cadiz,4,0
2021-11-22,Rayo Vallecano,Mallorca,3,1
2021-11-26,Atletico de Bilbao,Granada,2,2
2021-11-27,Alaves,Celta,1,2
2021-11-27,Valencia,Rayo Vallecano,1,1
2021-11-27,Mallorca,Getafe,0,0
2021-11-27,Villarreal,Barcelona,1,3
2021-11-28,Betis,Levante,3,1
2021-11-28,Cadiz,Atletico de Madrid,1,4
2021-11-28,Real Madrid,Sevilla,2,1
2021-11-28,Espanol,Real Sociedad,1,0
2021-11-29,Osasuna,Elche,1,1
2021-12-01,Real Madrid,Atletico de Bilbao,1,0
2021-12-03,Granada,Alaves,2,1
2021-12-04,Real Sociedad,Real Madrid,0,2
2021-12-04,Sevilla,Villarreal,1,0
2021-12-04,Barcelona,Betis,0,1
2021-12-04,Atletico de Madrid,Mallorca,1,2
2021-12-05,Celta,Valencia,1,2
2021-12-05,Rayo Vallecano,Espanol,1,0
2021-12-05,Levante,Osasuna,0,0
2021-12-05,Elche,Cadiz,3,1
2021-12-06,Getafe,Atletico de Bilbao,0,0
